nameseq,k1,k2,k3,k4,k5,label
sp|Q81LS2_p|DNAK_BACAN,3.937672913525722,7.483969405777936,8.973132592751293,9.207212237946562,9.245552706255674,positive
sp|Q81X78_p|ENO_BACAN,4.024577040674992,7.473516267532841,8.64051009040829,8.732121192008563,8.73809225962049,positive
sp|P13243_p|ALF_BACSU,4.028584539057626,7.192962117651316,8.057185142117502,8.13955135239883,8.13442632022093,positive
tr|Q8Y498_p|Q8Y498_LISMO,4.020734345160321,7.177072355918548,8.08281376374635,8.13442632022093,8.129283016944978,positive
sp|P68905_p|ALF_STRP1,4.021008997445636,7.228332802407815,8.123019672805192,8.17990909001493,8.174925682500657,positive
sp|P99136_p|G3P1_STAAN,4.0449118228847585,7.340001801874548,8.275919861336277,8.361360349053275,8.375039431346906,positive
tr|Q8CWN6_p|Q8CWN6_STRR6,4.0763603303380815,7.4668726572810185,8.371223156179964,8.475733430966425,8.471675214392084,positive
sp|Q8Y3P9_p|CATA_LISMO,4.15355737234622,7.700821257823873,8.849185163066352,8.92184093707456,8.918863237274646,positive
sp|Q9L4S1_p|CATA_STAAU,4.187424080087605,7.790583657917856,8.902844013264739,8.963575426460846,8.968666793195124,positive
sp|P19669_p|TAL_BACSU,3.977896895187692,6.986224070100745,7.657102660523253,7.707359132080901,7.700439718141067,positive
sp|Q81V33_p|TAL1_BACAN,3.967102805461008,6.989443841509124,7.706540606141372,7.727920454563212,7.721099188707212,positive
tr|Q81Y15_p|Q81Y15_BACAN,4.098103409241861,7.745090180853042,9.189030734051329,9.351748921349541,9.367666258771012,positive
tr|Q8Y7H4_p|Q8Y7H4_LISMO,4.087170842160428,7.771144063804869,9.179955288217384,9.356403587074881,9.3663222142457,positive
sp|P99161_p|TKT_STAAN,4.070931362770197,7.754801631335245,9.229557574084364,9.358064852276527,9.361943773735293,positive
sp|Q8Y6W0_p|PFKA_LISMO,3.9671115080521107,7.236686621981278,8.186083864517487,8.291122520329026,8.299208018387231,positive
sp|Q65EM9_p|PGK_BACLD,3.964363554591373,7.330605192294241,8.448843645113572,8.580334260223003,8.607330313749646,positive
sp|Q8Y4I2_p|PGK_LISMO,3.929718458725265,7.216208377626357,8.43863897045517,8.59802926816196,8.614709844115248,positive
sp|P68897_p|PGK_STRP1,3.918089652757725,7.294851849929537,8.45192060364914,8.615582260786027,8.622051819456425,positive
sp|Q8DN74_p|G6PI_STRR6,4.0627029485148745,7.59910004176469,8.719119835501035,8.800899899920351,8.797661525853743,positive
sp|Q8Y4I4_p|GPMI_LISMO,4.077640001488992,7.623675316919038,8.843015395433653,8.970062844301287,8.9829935746943,positive
tr|Q926S7_p|Q926S7_LISIN,3.9728624500212097,6.889911689833311,7.663804106877081,7.752334642582742,7.754887502163464,positive
sp|Q81K75_p|G6PI_BACAN,4.085185063843435,7.581190101510468,8.720848476740253,8.786233929460769,8.800899899920351,positive
sp|Q928R6_p|G6PI_LISIN,4.025356178250065,7.503547199398217,8.69406276245454,8.799656748252715,8.800899899920351,positive
sp|Q928I1_p|TPIS1_LISIN,4.0455520075133755,7.1567758869586084,7.873617293496489,7.946131794257868,7.948367231584709,positive
sp|P99133_p|TPIS_STAAN,4.050390161642784,7.1402443956948085,7.852021641600168,7.9337842846621,7.951969803554027,positive
sp|P69887_p|TPIS_STRP1,3.992053229560035,7.03519694295858,7.8747647346534455,7.960001932068083,7.954196310386901,positive
sp|Q92D19_p|PT1_LISIN,4.0339017077227215,7.580652635643979,8.99076587220247,9.138225088352403,9.149747119504632,positive
sp|Q99V14_p|PT1_STAAN,4.06123426834837,7.649264320214442,8.994274644132295,9.145254965329555,9.149747119504632,positive
tr|Q99Z66_p|Q99Z66_STRP1,4.039513228674794,7.610269375849511,8.990879406693649,9.147485323888187,9.15890092736074,positive
sp|Q820A6_p|ODPA_STAAN,4.08225143806317,7.5821639316534295,8.46921412997013,8.514186661562487,8.515699838283988,positive
sp|P99063_p|ODPB_STAAN,4.00434174694257,7.273459631304188,8.254894998656793,8.32470569799044,8.326429487122255,positive
tr|Q65K42_p|Q65K42_BACLD,3.9914897282423394,7.416077789296093,8.593079661624625,8.719356896622834,8.734709620225807,positive
tr|Q8Y863_p|Q8Y863_LISMO,3.9917267677246393,7.39525429379103,8.722262233187935,8.900640259793253,8.92866744890262,positive
sp|P65636_p|ODP2_STAAN,4.024160464031451,7.466367194626366,8.575533458343488,8.726956691699733,8.734709620225807,positive
tr|Q81MR4_p|Q81MR4_BACAN,3.987704861083497,7.405658173876068,8.681765013372953,8.85014811872474,8.85989429916066,positive
tr|Q8Y862_p|Q8Y862_LISMO,3.9744516513267523,7.417775753400156,8.697076879099647,8.832118926162162,8.85054872883258,positive
sp|P99084_p|DLDH_STAAN,3.9795142295075783,7.4094384597826375,8.659229545932499,8.843882604920053,8.857980995127683,positive
tr|Q92BE5_p|Q92BE5_LISIN,3.992806523967393,7.587601915933031,9.048835971138567,9.171129638440927,9.182394353404467,positive
sp|Q7A559_p|KPYK_STAAN,3.9998284388352765,7.586138297829826,9.011100122081958,9.174566064557766,9.182394353404467,positive
tr|Q99ZD1_p|Q99ZD1_STRP1,4.009265275328902,7.509501988841315,8.816408006356482,8.945029606954668,8.954196310386761,positive
sp|Q81ZF8_p|ROCA_BACAN,4.097339845111511,7.644857539822687,8.861948227095327,8.99609375,8.997179480937621,positive
sp|Q65DW5_p|GLYA_BACLD,4.071314498000997,7.539245201712329,8.577976996827466,8.67193742038707,8.682994583681674,positive
sp|Q8Y4B2_p|GLYA_LISMO,4.06999171029483,7.542651021285067,8.572265204109097,8.669724001944521,8.675957032941794,positive
tr|Q65J79_p|Q65J79_BACLD,4.150659079192445,7.739569012943718,8.720029256223983,8.784634845557564,8.7813597135247,positive
tr|Q92C54_p|Q92C54_LISIN,4.129079135345828,7.710718631338461,8.718321365947595,8.784634845557564,8.7813597135247,positive
sp|P0C0B4_p|ARCA_STRP1,4.079493886280992,7.431720086648476,8.55675192902452,8.667523381187276,8.668884984266237,positive
sp|O86132_p|OTCC_BACLD,4.128585110066446,7.4801482865483875,8.343342331035256,8.375039431346906,8.370687406807162,positive
sp|P0C0D0_p|OTCC_STRP1,4.089462496339839,7.407952867615067,8.308151949517812,8.383704292473997,8.379378367071293,positive
tr|Q8Y9G8_p|Q8Y9G8_LISMO,4.095581296655913,7.6546604493400885,8.758328610656024,8.829722735086063,8.826548487290905,positive
sp|Q7A6H8_p|DHE2_STAAN,4.1385857563377195,7.661282173662881,8.576039908240647,8.678128403633012,8.679480099505497,positive
tr|Q8DQX6_p|Q8DQX6_STRR6,4.13715756658651,7.740853799924102,8.72018241113111,8.788672761808797,8.794415866350127,positive
tr|A0A0H2UQJ7_p|A0A0H2UQJ7_STRPN,4.083590378485805,7.545318550416883,8.697760886467432,8.788672761808797,8.794415866350127,positive
tr|Q81VX2_p|Q81VX2_BACAN,3.963272794020131,7.2188225667204176,8.145272358672619,8.247927513443585,8.243173983472953,positive
tr|Q8YAC3_p|Q8YAC3_LISMO,3.9410896266909243,7.2319441432876195,8.17242052243125,8.246108055401024,8.247927513443585,positive
tr|Q65CX6_p|Q65CX6_BACLD,3.950173817258817,7.307218187236078,8.430558163084577,8.54303182025527,8.539158811108075,positive
tr|Q81KW3_p|Q81KW3_BACAN,4.0124109913138915,7.405916405088207,8.426067085377468,8.541546866304703,8.54303182025527,positive
sp|P99151_p|DHA1_STAAN,4.0342119243865415,7.44072307090017,8.417867947002819,8.511216843458735,8.523561956057089,positive
tr|Q81M66_p|Q81M66_BACAN,4.037903352037127,7.389521114108122,8.34772688605999,8.47627752862938,8.494321025204739,positive
sp|Q92F65_p|LDH1_LISIN,4.103016968431331,7.422143946423778,8.242185561127398,8.276124405274208,8.271463027904357,positive
sp|P0A3M9_p|LDH_STRPN,4.034309000231539,7.322503842634509,8.266657947169262,8.344295907915777,8.339850002884596,positive
sp|Q65GI7_p|ILVC_BACLD,4.024280355898838,7.31259432520626,8.338802700843562,8.405141463136395,8.400879436282148,positive
tr|Q65I20_p|Q65I20_BACLD,3.810755913437632,6.117577332458843,6.425186429662997,6.47573343096641,6.459431618637305,positive
tr|Q92A74_p|Q92A74_LISMO,3.770657781821922,6.163966707392699,6.430789610741691,6.459431618637305,6.4429434958487235,positive
tr|Q65HV8_p|Q65HV8_BACLD,4.008622577288721,6.600209029099911,7.1179132948203545,7.149747119504689,7.139551352398772,positive
sp|Q65GJ3_p|TIG_BACLD,3.845012615882868,7.112927724224265,8.498884881809499,8.689172860121007,8.714245517666136,positive
sp|Q81LB8_p|TIG_BACAN,3.8921026749639136,7.23369161079024,8.57910067344066,8.706881179228494,8.717676423066376,positive
sp|P0C0E1_p|TIG_STRP1,3.966235099374104,7.44261552501806,8.580108060421612,8.713769511167026,8.719785720732215,positive
sp|Q8Y421_p|EFG_LISMO,4.102228733555043,7.833602991999365,9.281192873290532,9.423067533995175,9.432541900388431,positive
sp|P68789_p|EFG_STAAN,4.115107694914825,7.860314218726686,9.271167406894442,9.41306124731772,9.42545741508445,positive
sp|P64022_p|EFG_STRPN,4.098200307551999,7.81399180189387,9.245444631914971,9.418858348766996,9.42836017270419,positive
sp|Q81WK9_p|EFTS_BACAN,3.93420829635863,7.130094125518107,8.092367775924,8.169276613674576,8.184875342908285,positive
sp|Q8Y6M7_p|EFTS_LISMO,3.9909155515030585,7.130723153295316,8.073386202715673,8.164256786207254,8.17990909001493,positive
sp|P99171_p|EFTS_STAAN,3.9480383032175372,7.088871509390746,8.065442739808066,8.166115986566655,8.174925682500657,positive
sp|Q99XQ7_p|EFTS_STRP1,3.9054743624103536,7.054936746135538,8.190742807002524,8.381248439642173,8.40615660845314,positive
sp|P0C0H3_p|DBH_STRP1,3.6775909153421007,6.044467957368662,6.453261520854051,6.459431618637305,6.4429434958487235,positive
sp|P69952_p|EFTU_STRP1,4.03417881493626,7.484596939243818,8.501187712245923,8.605455678507544,8.622051819456425,positive
sp|Q65MZ9_p|CH10_BACLD,3.7194248826145646,6.020183945446846,6.480083695187461,6.507794640198703,6.491853096329662,positive
sp|Q9AGE7_p|CH10_LISMO,3.7905946266134247,5.977173192758675,6.523561956057027,6.507794640198703,6.491853096329662,positive
sp|P63770_p|CH10_STRP1,3.746653357813713,6.0407538977363116,6.490759064443582,6.517653434763951,6.523561956057027,positive
sp|P99083_p|CH60_STAAN,3.934320442748422,7.418741729357983,8.849177506677028,9.048441810260476,9.060695931687565,positive
sp|P69883_p|CH60_STRP1,3.8909258906240147,7.365877581423805,8.841907473266797,9.054593374828542,9.074141462752463,positive
tr|Q8Y4I1_p|Q8Y4I1_LISMO,4.042295966436376,7.265606492915733,8.261683671210038,8.379378367071293,8.375039431346906,positive
sp|P99110_p|DNAK_STAAN,3.9611712877012426,7.476164718303921,9.01824208500318,9.229078241675776,9.24317398347296,positive
sp|Q81JK8_p|SODM2_BACAN,4.158861519366196,7.108851450211129,7.637956837862829,7.679480099505431,7.672425341971496,positive
sp|P28764_p|SODM_LISMO,4.078251881940219,7.063792487112731,7.600081752263924,7.626574369287378,7.629356620079592,positive
sp|P99098_p|SODM1_STAAN,4.0841715707646955,7.110195066950957,7.591594966664459,7.614709844115192,7.607330313749649,positive
sp|P0A355_p|CSPA_LISMO,3.8212706813074186,5.764600312995173,5.96875,5.97727992349992,5.954196310386873,positive
tr|Q81L72_p|Q81L72_BACAN,3.9348105955628223,7.221359061794203,8.261086949121191,8.330916878114664,8.326429487122255,positive
tr|A0A0H2UNG6_p|A0A0H2UNG6_STRPN,4.12662137381662,7.618067027828468,8.793659998514405,8.875336965111755,8.876516946565014,positive
tr|Q8DN84_p|Q8DN84_STRR6,4.0653480812028935,7.457704706275768,8.365496826118063,8.44708322620969,8.442943495848764,positive
sp|Q8RP81_p|ENO_STRAG,4.030100227496622,7.462709078440868,8.638012564450811,8.751078487287774,8.76155123244443,positive
sp|A0R3B8_p|ENO_MYCS2,3.9356701711023314,7.2992851081222225,8.581884266309052,8.7184864922991,8.724513853119921,positive
sp|Q88YH3_p|ENO1_LACPL,4.049231404253547,7.507393910257367,8.647825878292505,8.764409703567182,8.77022084955552,positive
sp|P9WQA3_p|ALF_MYCTU,4.063219403155649,7.3376837635559315,8.29283822394389,8.40189772374559,8.409390936137681,positive
tr|A0QY23_p|A0QY23_MYCS2,4.015261538196139,7.248366108775808,8.116435551028816,8.199672344836317,8.194756854422295,positive
tr|F9UTT2_p|F9UTT2_LACPL,4.0654223587544625,7.224688546499147,8.098677758174928,8.149747119504703,8.14465824283186,positive
tr|Q9CED4_p|Q9CED4_LACLA,4.034880844121362,7.142076708411689,8.141885798061343,8.204571144249154,8.199672344836317,positive
sp|A0QWW2_p|G3P_MYCS2,3.972670553602338,7.1599394178119615,8.264784761725933,8.390670063080952,8.392317422778817,positive
tr|F9UM10_p|F9UM10_LACPL,4.063495623853487,7.392938365612531,8.323956359359068,8.396604781181843,8.392317422778817,positive
sp|P52987_p|G3P_LACLA,4.031670705892,7.393013730684549,8.310405345046657,8.377716268521901,8.379378367071293,positive
sp|P9WIE5_p|KATG_MYCTU,4.109630313733046,7.792470457818161,9.336393604964575,9.509238583857584,9.523561956057081,positive
sp|A0QXX7_p|KATG2_MYCS2,4.10301436968883,7.831372384115535,9.347623727077124,9.51962010528252,9.536470639065017,positive
tr|A0QWY0_p|A0QWY0_MYCS2,4.081935136334663,7.771815895100934,9.252884720000885,9.419395524821303,9.434628227636795,positive
sp|P0DOB5_p|PFKA_LACLA,3.9603792045907418,7.24659724326906,8.286220005802372,8.390670063080952,8.392317422778817,positive
sp|Q88YH5_p|PGK_LACPL,3.958418515503725,7.325180588380424,8.472027195909678,8.617881847017038,8.62935662007968,positive
sp|Q9CIM0_p|GPMA_LACLA,4.082357849540657,7.093225917530308,7.791142980809967,7.845490050944364,7.839203788096948,positive
sp|Q88UI4_p|G6PI_LACPL,4.097931095381581,7.6499028164539284,8.718069207771867,8.804131021183364,8.800899899920351,positive
sp|Q88YH4_p|TPIS_LACPL,4.050854574015696,7.1839425957473715,7.9177842846621,7.960001932068083,7.954196310386901,positive
tr|A0R1D2_p|A0R1D2_MYCS2,3.9015773313847197,7.279258834317621,8.483075622597886,8.65463602852797,8.65105169117888,positive
sp|Q07637_p|KPYK_LACLA,4.031780892862838,7.540102418662582,8.826764734653374,8.958887989305136,8.960001932067973,positive
sp|A0R1C2_p|DHE2_MYCS2,4.01580303320589,7.871931106371126,10.153842391295795,10.583537384939008,10.631037465265692,positive
tr|Q8E736_p|Q8E736_STRA3,3.9718257340925063,7.218348379798184,8.150345726672542,8.239550678351844,8.247927513443585,positive
tr|Q9CI26_p|Q9CI26_LACLA,3.9218201954927476,7.1739033113495125,8.169383943292265,8.255580187389683,8.257387842692692,positive
sp|P9WQB1_p|DHA_MYCTU,3.9849648099269297,7.298469997894761,8.368249668656127,8.501822825622304,8.514186661562489,positive
sp|Q88VJ2_p|LDHD_LACPL,4.047804988144517,7.3334948102759805,8.269352517276166,8.361943773735257,8.357552004618091,positive
sp|A0QUX8_p|ILVC_MYCS2,4.04945862640993,7.377596525531076,8.328315792807851,8.383704292473997,8.379378367071293,positive
sp|Q9ZHC5_p|DBH_MYCS2,3.2576459659949384,5.608497687048906,6.297866732043914,6.504258685230949,6.672719754055202,positive
sp|P9WHW3_p|PPIA_MYCTU,4.038943792915961,6.880845334501378,7.420992610206531,7.472642592906706,7.47573343096637,positive
tr|A0R409_p|A0R409_MYCS2,3.9612221782853174,6.430244548894966,6.8148464391923405,6.853270702489366,6.857980995127556,positive
sp|P9WG55_p|TIG_MYCTU,3.877001852032022,7.285217613985167,8.677432638423316,8.85054872883258,8.851749041416104,positive
sp|A0R199_p|TIG_MYCS2,3.894999758947728,7.3514673108828745,8.67932491206345,8.85989429916066,8.86108690599532,positive
sp|Q88VE1_p|TIG_LACPL,3.9447614874913643,7.317547917068434,8.5921386577747,8.757759492383826,8.763597168813567,positive
sp|A0QVB9_p|EFTS_MYCS2,3.770161066561608,6.79376709805976,7.940706683028507,8.080109900073882,8.082149041353835,positive
sp|Q88VJ5_p|EFTS_LACPL,3.888608229291782,6.975027793238192,8.048874607256316,8.174925682500657,8.169925001442278,positive
sp|Q9CDR5_p|EFTS_LACLA,3.847938087418514,6.9789857921068466,8.188745200818111,8.387442348092147,8.400879436282148,positive
sp|P9WNN1_p|EFTU_MYCTU,4.007869561024291,7.3192453649040266,8.450707212846446,8.603118326686133,8.614709844115248,positive
sp|Q88VE0_p|EFTU_LACPL,4.002330442875713,7.363606359090394,8.50959443991218,8.604505762482594,8.611024797307405,positive
sp|Q88VL9_p|GRPE_LACPL,3.7854297556777,6.611482600364073,7.5205289768167445,7.60450576248254,7.607330313749649,positive
sp|Q9CGY9_p|GRPE_LACLA,3.8762194487000694,6.67790608002063,7.388509504885269,7.459431618637307,7.451211111832307,positive
sp|P9WPE5_p|CH10_MYCTU,3.849647950321328,6.144508135231133,6.614709844115218,6.599912842187142,6.5849625007211605,positive
sp|A0QQU5_p|CH601_MYCS2,3.824104900957277,7.231028289417318,8.831062520250331,9.056592474080814,9.065053883199633,positive
sp|Q88YM5_p|CH60_LACPL,3.9389657007203516,7.501011525378282,8.902963981293304,9.056592474080817,9.065053883199633,positive
sp|P0A3J2_p|DNAK_STRA3,3.9263503966484197,7.487028989022596,9.007012364378463,9.226672333307945,9.240791332161928,positive
sp|P9WMJ9_p|DNAK_MYCTU,3.978393546212686,7.539803958601955,9.05188594529148,9.26147816562902,9.278449458220425,positive
sp|P0A4J3_p|SODM_STRA3,4.064477985251922,6.969987745957142,7.593856189774741,7.636624620543659,7.629356620079592,positive
sp|P9WP74_p|CSPA_MYCTO,4.000124407996406,5.790532187507499,5.991598582259227,6.0,5.97727992349992,positive
sp|P71478_p|CSP1_LACPL,3.9517708778667164,5.899290889951534,6.0,5.97727992349992,5.954196310386873,positive
tr|I7FZT6_p|I7FZT6_MYCS2,3.7752496225617067,6.938864287663183,8.124176673803191,8.27381119299041,8.28825132214006,positive
tr|A0QR00_p|A0QR00_MYCS2,4.024990609320252,7.08705626139122,7.884577173687647,7.930737337562843,7.924812503605761,positive
sp|Q88YY8_p|GPMA1_LACPL,4.119142198711745,7.12169431920516,7.756056850592961,7.794415866350092,7.787902559391411,positive
tr|A0QU52_p|A0QU52_MYCS2,3.8028847651891824,6.975735668941817,8.177641418771644,8.319390582245896,8.351454443642481,positive
nameseq,k1,k2,k3,k4,k5,label
sp|P14507|AACA_STAAM,4.0307051202636215,7.539412718710313,8.755287804013937,8.869607679274402,8.89178370321824,negative
sp|Q9K9H0|ACEA_BACHD,4.099618336218139,7.513480271731168,8.577178383956117,8.713769511167024,8.724513853119921,negative
sp|Q59331|ACKA_CLOTS,4.043428761152942,7.47055046026886,8.544275656970393,8.622919630392353,8.62935662007968,negative
sp|P47599|ACKA_MYCGE,4.077652661746949,7.450454344443134,8.549643723138605,8.607330313749646,8.603626344986285,negative
sp|P13131|AGRA_STAAN,4.107709537312029,7.205985706585515,7.865693896819445,7.876516946564981,7.87036471958339,negative
sp|P50846|ALKH_BACSU,4.022422973185902,6.825773247114203,7.544475277742961,7.592457037268058,7.584962500721179,negative
sp|Q10730|AMPN_LACHE,4.119610051619839,7.897042798943073,9.531192396927915,9.699315141265712,9.714245517666102,negative
sp|Q9KDH2|APT_BACHD,3.9880525626332495,6.860660274283893,7.349075368222038,7.392317422778791,7.383704292474028,negative
sp|O31060|APT_BUTFI,3.9532839496896504,6.915243500667502,7.437784624774442,7.46760555008301,7.459431618637307,negative
sp|Q97GU0|APT_CLOAB,3.9138451521059205,6.6941764566294335,7.350567406725906,7.400879436282176,7.392317422778791,negative
sp|Q925X9|APT_LISMO,3.965052733722243,6.642728964175871,7.359372982722146,7.40939093613767,7.400879436282176,negative
sp|Q9RFQ2|APT_MYCFE,3.8807799695477803,6.75033740662411,7.34170783864904,7.392317422778791,7.383704292474028,negative
sp|Q7NBS4|APT_MYCGA,3.949942906354532,6.827017538866878,7.413977073182762,7.451211111832307,7.4429434958487075,negative
sp|P47518|APT_MYCGE,4.025117113464914,6.872731542709754,7.464497475910191,7.46760555008301,7.459431618637307,negative
sp|Q8EUA8|APT_MYCPE,3.9406185307934387,6.788911725285692,7.338802700843554,7.389045116755549,7.392317422778791,negative
sp|Q8E4W5|APT_STRA3,3.9948526790452337,6.8315094592923815,7.385861524372965,7.400879436282176,7.392317422778791,negative
sp|Q8RAL9|APT_THETN,3.8617751430027285,6.754468969692577,7.371068889154896,7.40939093613767,7.400879436282176,negative
sp|Q9PQ02|APT_UREPA,3.930348238585996,6.700718315635388,7.312589356991152,7.385861524372965,7.400879436282176,negative
sp|P17893|ARGR_BACSU,4.098955446407975,6.8563137540986085,7.172461460482613,7.176125928743034,7.179909090014958,negative
sp|P26900|ASG1_BACSU,4.11356158592608,7.439424100912444,8.27744380561375,8.348728154231113,8.344295907915777,negative
sp|P54264|ASNA_LACDE,4.146616328608987,7.48215973901718,8.317836029000945,8.373372361065288,8.375039431346906,negative
sp|P30363|ASPG_BACLI,4.078976636505763,7.3698996212489325,8.26567809488733,8.317412613764933,8.312882955284378,negative
sp|P11540|BARS_BACAM,4.015498944865992,6.2094316186373035,6.4429434958487235,6.426264754702099,6.409390936137707,negative
sp|Q97II1|BUK2_CLOAB,4.013028335674715,7.336733770966456,8.371560352342858,8.452192928511938,8.45374980045545,negative
sp|Q08841|CH10_STAAM,3.8213348319798914,6.046960558303548,6.501822825622244,6.507794640198703,6.491853096329662,negative
sp|Q60023|CH10_THEBR,3.668840973017081,5.931316606667381,6.436605434317896,6.48581661822068,6.491853096329662,negative
sp|Q9KA55|CHEB_BACHD,4.0046071644419445,7.325278876584718,8.35430287242837,8.422064766172785,8.417852514885888,negative
sp|Q05522|CHEB_BACSU,4.036875489173769,7.364384151402938,8.3963093341043,8.46760555008297,8.463524373271145,negative
sp|Q8EQW0|CHEB_OCEIH,4.057288088666886,7.400605435677575,8.357625718969027,8.44708322620969,8.442943495848764,negative
sp|P39802|CHEW_BACSU,3.9726005579217167,6.7147079536055125,7.240812514720895,7.257387842692632,7.247927513443566,negative
sp|P24072|CHEY_BACSU,3.950356420164108,6.452516884089262,6.836176685395351,6.857980995127556,6.84549005094439,negative
sp|P19080|CHMU_BACSU,4.011343985391135,6.487006609922009,6.917784284662099,6.954196310386861,6.942514505339227,negative
sp|O53079|CILA_LEUMC,4.024994670334531,7.612377183957153,8.902677186854508,8.991521846075756,8.988684686772244,negative
sp|O53078|CILB_LEUMC,4.045704559117664,7.3503883227881515,8.132969065488723,8.210623747776658,8.21916852046213,negative
sp|O53077|CILG_LEUMC,3.848754404701279,6.222932422573625,6.5066977135941055,6.554588851677623,6.539158811108037,negative
sp|P39127|CITR_BACSU,4.169546121486917,7.426776513086067,8.21817215641818,8.239550678351844,8.247927513443585,negative
sp|P39779|CODY_BACSU,3.9677377693811087,7.185362852743248,7.96875,7.994353436858871,7.988684686772128,negative
sp|Q9CJ45|CODY_LACLA,4.056054111968306,7.127236791753912,7.911772091866286,8.001364272242503,8.01122725542322,negative
sp|O32221|COPZ_BACSU,3.736571515868777,5.782243907394998,6.066089190457767,6.044394119358462,6.022367813028458,negative
sp|P77985|CYSE_STAXY,4.071954381866673,7.004874070388869,7.657354836868405,7.715930277502874,7.718486492299061,negative
sp|P39121|DEOC_BACSU,3.883560094805372,6.78551781063279,7.585302792347277,7.681208948910299,7.693486957499298,negative
sp|P47722|DEOC_MYCPI,3.9324106965251424,6.87376736767217,7.685615517437464,7.761551232444494,7.754887502163464,negative
sp|Q99040|DEXB_STRMU,4.191037662807415,7.847292014911948,8.970808291238125,9.054239377543372,9.055282435501294,negative
sp|P39071|DHBA_BACSU,4.042362335977748,7.223084976381819,7.993642264520496,8.01122725542322,8.005624549193906,negative
sp|P35484|DLDH_ACHLA,3.9698614647898696,7.1880922888115215,8.285635767018421,8.367366355059282,8.369015334961363,negative
sp|P47513|DLDH_MYCGE,4.070846934819625,7.53910388067438,8.734096855955675,8.826548487290905,8.823367240046274,negative
sp|P13267|DPO3_BACSU,4.152620439195316,8.101783167044168,10.231386641750918,10.463514106470264,10.479240200612335,negative
sp|P39043|DPP6_BACSH,4.161589721762523,7.279632413742155,8.034287641367005,8.066089190457737,8.060695931687519,negative
sp|P23081|EFG_BACST,3.91624786615181,5.90707177008883,6.188864462772826,6.247927513443591,6.228818690495891,negative
sp|Q7NAV3|EFG_MYCGA,4.117618971964582,7.902936298692597,9.307701578381913,9.42755400094091,9.42836017270419,negative
sp|Q9K951|EFP_BACHD,4.042331994472382,6.838566847267305,7.450126067792234,7.496805629209703,7.499845887083174,negative
sp|Q97HB8|EFP_CLOAB,4.038538007784249,6.900062609059703,7.512692390839634,7.5156998382840365,7.507794640198715,negative
sp|P47272|EFP_MYCGE,3.9419831585531755,6.845052609291789,7.458844170826593,7.525504085556065,7.539158811108047,negative
sp|Q8EWP5|EFP_MYCPE,4.011283428685381,6.780459633510875,7.442384617559659,7.52057064970549,7.5235619560570255,negative
sp|Q98Q55|EFP_MYCPU,3.980928349330416,6.8918274778074595,7.4881382172730575,7.5235619560570255,7.5156998382840365,negative
sp|Q8E3L8|EFP_STRA3,4.019569158705378,6.924685076962102,7.48008369518746,7.5156998382840365,7.507794640198715,negative
sp|Q9PQJ3|EFP_UREPA,4.093163820097149,6.972648053549366,7.506900746591918,7.5313814605163,7.5235619560570255,negative
sp|Q97I65|EFTS_CLOAB,3.9306837270745048,7.126804687087477,8.140181172975941,8.243173983472953,8.238404739325114,negative
sp|Q831V0|EFTS_ENTFA,3.8758705541328706,7.083160338279171,8.028484363511973,8.159219434842518,8.174925682500657,negative
sp|Q7NC21|EFTS_MYCGA,3.9444127424246616,7.136263822580269,8.09025391760114,8.147244021601002,8.169925001442278,negative
sp|P47246|EFTS_MYCGE,3.9286089854761084,7.018964725526772,8.0286770987224,8.191011822215255,8.199672344836317,negative
sp|P61335|EFTS_MYCMS,3.9412921521440305,7.163680190079081,8.110269183766444,8.182975243811564,8.184875342908285,negative
sp|Q8EUG8|EFTS_MYCPE,3.9331614586531947,7.08919828169701,8.062667710704591,8.168005267275744,8.169925001442278,negative
sp|Q98Q37|EFTS_MYCPU,3.939945650786311,7.079240281025948,8.050253026338401,8.17112963844093,8.17990909001493,negative
sp|P61337|EFTS_ONYPE,4.060027396271614,7.2083008086924725,8.043307065473781,8.0960150811393,8.098032082960483,negative
sp|P19216|EFTS_SPICI,3.9978392795922897,7.228887056125549,8.104434249598219,8.181104977289188,8.189824558880057,negative
sp|Q8RA22|EFTS_THETN,3.8884567194255695,6.770194266649629,7.4942309256242226,7.6220518194563365,7.614709844115192,negative
sp|Q9PPX5|EFTS_UREPA,3.9546325188440017,7.04070916819775,8.058974903938974,8.162980556997836,8.164906926675652,negative
sp|P37454|EXOA_BACSU,4.167634121684995,7.281115342861169,7.9017842846621,7.951969803554027,7.954196310386901,negative
sp|P21998|EXOA_STRPN,4.103962015101871,7.263792325666216,7.987427882670141,8.06540401772094,8.082149041353835,negative
sp|Q03377|FOB2_STAEP,3.9677787287923754,6.608382790048791,7.03963792237657,7.0874628412503275,7.076815597050856,negative
sp|P07343|FUMC_BACSU,4.104409620467512,7.571997392932125,8.733512279195864,8.833635746464028,8.839203788096967,negative
sp|P47543|G3P_MYCGE,4.070102214499244,7.36527000931061,8.280554598778,8.36574022061771,8.379378367071293,negative
sp|P81181|G6PI_LACLA,4.049497276403279,7.577658660367938,8.712268267426774,8.794415866350127,8.791162888555036,negative
sp|Q59111|GCTA_ACIFE,4.144926005398811,7.397957730519469,8.226320102694658,8.297451634253077,8.299208018387231,negative
sp|Q59112|GCTB_ACIFE,4.15789328785889,7.27608696959793,7.978082487391188,8.033423001537482,8.02790599656985,negative
sp|P54495|GLK_BACSU,3.9694827234811374,7.168609034336265,8.162209557325033,8.300304338932175,8.302029881874473,negative
sp|Q56198|GLK_STAXY,4.027828312770938,7.30402725553981,8.262838583678967,8.331988215608085,8.339850002884596,negative
sp|P10656|GLNA_CLOSA,4.137394744951766,7.718989786020498,8.726789550763172,8.776814258979247,8.77807712953529,negative
sp|P45627|GLNA_LACDE,4.118710337776451,7.626714411778156,8.705384107516664,8.778852785635747,8.784634845557564,negative
sp|P18158|GLPD_BACSU,4.104470086641866,7.714121850391868,9.010756330262987,9.108524456778216,9.1059085085711,negative
sp|O86963|GLPO_ENTCA,4.049809655173305,7.6596674413342996,9.096277036263961,9.220956621418127,9.235093481046883,negative
sp|P47634|GLYA_MYCGE,4.122246697651252,7.584316015202935,8.603756037207202,8.65463602852797,8.65105169117888,negative
sp|Q60151|GSHR_STRTR,4.062229745571785,7.492212193125762,8.658348476740251,8.781759656530118,8.796415594987616,negative
sp|P54304|HEMN_BACSU,4.13835037403791,7.466907158252855,8.395830663544402,8.498316096122494,8.499845887083191,negative
sp|P32396|HEMZ_BACSU,4.124925437255942,7.481439403140869,8.227825501733818,8.262094845370138,8.257387842692692,negative
sp|P37472|HPRT_BACSU,3.9312964487792756,6.753123109557704,7.397081745573114,7.445006680026513,7.448067982273671,negative
sp|Q02522|HPRT_LACLA,3.8637667504903903,6.772555423011206,7.444597268298646,7.491853096329661,7.483815777264248,negative
sp|P47696|HPRT_MYCGE,4.008474413047233,6.794702188265547,7.388385453070252,7.426264754702066,7.417852514885889,negative
sp|P61689|IF1_LACJO,3.9531890328911827,5.9094404528011575,6.121578105420169,6.129283016944973,6.108524456778164,negative
sp|Q9R6P8|IF1_MYCGA,3.849226053088595,5.749757971239564,6.028639311838581,6.066089190457767,6.044394119358462,negative
sp|Q8EUD5|IF1_MYCPE,3.8128889333490554,5.779822295469602,6.072140159802115,6.108524456778164,6.087462841250345,negative
sp|Q50298|IF1_MYCPN,3.9106807351175656,5.789450339368106,6.221611723969907,6.228818690495891,6.2094533656289554,negative
sp|Q98Q04|IF1_MYCPU,3.8773173294862295,5.818623527894438,6.129283016944973,6.108524456778164,6.087462841250345,negative
sp|P38037|IF1_MYCSP,3.964364660127107,6.082255340981532,6.436704345910033,6.4429434958487235,6.426264754702099,negative
sp|P61692|IF1_ONYPE,3.795081394880561,5.743868845805418,6.195295934496223,6.228818690495891,6.2094533656289554,negative
sp|Q9PQN8|IF1_UREPA,3.977460760604973,5.998043736962218,6.1699250014423175,6.149747119504677,6.129283016944973,negative
sp|P04766|IF2_BACST,4.002967261295457,7.638342758506803,9.270623543366312,9.485803716761977,9.51466599227007,negative
sp|Q97I51|IF2_CLOAB,3.979638177104833,7.53401605686669,9.152624131933168,9.404365595143808,9.42836017270419,negative
sp|Q835U8|IF2_ENTFA,4.046169879629678,7.688127014747242,9.31246723247921,9.551950291705275,9.60577902526095,negative
sp|Q9X764|IF2_LACLC,4.0073016442119,7.702159447923885,9.591471584839237,9.866101291286743,9.885696373339297,negative
sp|Q88VK7|IF2_LACPL,4.004799036985217,7.645790071406168,9.301965800405105,9.610227210977492,9.692284981542196,negative
sp|Q92C29|IF2_LISIN,4.030212017662414,7.7273453325524235,9.34708195674999,9.567597907016241,9.59848495681147,negative
sp|Q7NBZ4|IF2_MYCGA,4.018718811542786,7.670268244722867,9.069646485529313,9.236546523244746,9.25175524739655,negative
sp|P47388|IF2_MYCGE,4.022379430671832,7.656385541670337,9.084727266652171,9.24730602121434,9.2611905677063,negative
sp|Q8CST4|IF2_STAEP,4.001399033834921,7.600887192487799,9.234478748310243,9.460724706191373,9.478229185085407,negative
sp|Q97S57|IF2_STRPN,3.9736886753175553,7.633824409391853,9.467203948672621,9.815310155900619,9.850932576024228,negative
sp|Q8RA37|IF2_THETN,3.952450450015436,7.560508298934102,9.209637071368933,9.408295255000969,9.45169097864581,negative
sp|Q9PQH1|IF2_UREPA,4.003007166588327,7.590089702050933,9.080484799381459,9.241935280129775,9.2526654324503,negative
sp|Q97GK5|IF3_CLOAB,3.9128029730239295,6.797892743219247,7.376824759428633,7.414636847725322,7.417852514885889,negative
sp|Q8XJ67|IF3_CLOPE,3.939141672527964,6.635603672843608,7.382639683260879,7.4429434958487075,7.4346282276367255,negative
sp|Q88WU8|IF3_LACPL,3.976657389331983,6.805369478426084,7.359372982722146,7.397626230255318,7.400879436282176,negative
sp|Q05426|IF3_MYCFE,3.982164606601746,7.0331441389627845,7.6666264700470625,7.707359132080901,7.700439718141067,negative
sp|P78024|IF3_MYCPN,4.058089195245609,6.960514737272745,7.566272861749689,7.619255609978581,7.6220518194563365,negative
sp|Q98QV2|IF3_MYCPU,3.830293864052538,6.591784951223216,7.5128651443074705,7.614709844115192,7.607330313749649,negative
sp|Q99TI1|IF3_STAAM,3.959812176101733,6.808439886688324,7.411506840353489,7.426264754702066,7.417852514885889,negative
sp|Q97R70|IF3_STRPN,3.9351646148794375,6.832483067491416,7.4610550295408675,7.496805629209703,7.499845887083174,negative
sp|Q8R9C2|IF3_THETN,4.019468373109718,6.853681768775582,7.442025565797832,7.46760555008301,7.459431618637307,negative
sp|Q9PQR4|IF3_UREPA,3.9938065189604557,6.816992468184294,7.39124980045549,7.439782540403736,7.4429434958487075,negative
sp|P39804|IPI_BACSU,3.966233852642379,6.384720273919771,6.853270702489368,6.857980995127556,6.84549005094439,negative
sp|P19514|IPYR_BACP3,4.078386602609124,6.871584365821171,7.3028129658475684,7.318494517866155,7.321928094887368,negative
sp|P11018|ISP1_BACSU,3.997832031258452,7.208723002991428,8.226320102694658,8.297451634253077,8.299208018387231,negative
sp|Q08291|ISPA_BACST,3.9694344649063127,7.114724293314624,8.123215212045764,8.19286962374788,8.194756854422295,negative
sp|P54383|ISPA_BACSU,4.011396386707497,7.196442262989685,7.995334115569363,8.064027418318679,8.066089190457737,negative
sp|P00512|K6PF_BACST,4.004111061848807,7.229373955442622,8.207392657899709,8.303780748177127,8.299208018387231,negative
sp|P80019|K6PF_LACDE,4.022222281939164,7.2683373501771,8.23893839922463,8.303780748177127,8.299208018387231,negative
sp|P38372|KAD_BACHD,4.053913298468895,7.120356715006233,7.720285872845248,7.741466986401113,7.734709620225879,negative
sp|P58117|KAD_LACLA,4.071937761613103,7.074205362478366,7.665437847915251,7.727920454563212,7.721099188707212,negative
sp|P10251|KAD_MYCCA,3.9957912496573544,6.993728282432329,7.664227150792518,7.695197898618491,7.69778975409047,negative
sp|O52352|KAD_MYCGA,4.121621712662986,7.2041014042227935,7.7184864922990615,7.721099188707212,7.71424551766611,negative
sp|P47417|KAD_MYCGE,4.071698074502842,7.062603913671537,7.690184605506608,7.721099188707212,7.71424551766611,negative
sp|Q50299|KAD_MYCPN,4.067970741135815,7.0012631172707165,7.697150934779869,7.727920454563212,7.721099188707212,negative
sp|Q9PQP0|KAD_UREPA,4.096211316056258,7.0543639096600375,7.702141842735648,7.71424551766611,7.707359132080901,negative
sp|P00553|KKA4_BACCI,4.014415078456095,7.164796228621492,7.9040797841739785,7.993642264520496,8.003475317438724,negative
sp|P00345|LDH_BACME,4.1277025844092625,7.476831222445604,8.24048960893662,8.292858812038025,8.294620748891651,negative
sp|P13714|LDH_BACSU,4.084244907171776,7.3391920229007885,8.209880164397068,8.289411585344505,8.291122520329026,negative
sp|O32765|LDH_LACHE,4.083295677742055,7.418923061468391,8.25166313198207,8.309428094887327,8.317412613764933,negative
sp|P12010|LEU3_BACCO,4.025979196897637,7.362372519903282,8.393756796780217,8.492806454249216,8.499845887083191,negative
sp|P41019|LEU3_BACME,4.064405152946185,7.3823810052042464,8.391204708561908,8.502300134704187,8.503825737995772,negative
sp|P05645|LEU3_BACSU,4.0267768988626145,7.40629403175026,8.42461117187411,8.494321025204739,8.495855026887199,negative
sp|P31958|LEU3_CLOPA,4.007162489542942,7.366088701009316,8.37026676368786,8.46760555008297,8.463524373271145,negative
sp|Q02143|LEU3_LACLA,4.069680193774089,7.353990427852884,8.314907659752484,8.40615660845314,8.413627929024182,negative
sp|P36772|LON_BRECH,4.019789678951827,7.694303198092842,9.359423603692358,9.58187160507366,9.598052500161593,negative
sp|P47481|LON_MYCGE,4.035020903601351,7.699905380640037,9.428744111173163,9.619255609978488,9.627533884472843,negative
sp|P60611|LYTR_STAAU,4.055271060858657,7.19505491651666,7.897950452316942,7.924812503605761,7.918863237274596,negative
sp|P29851|MALQ_STRPN,4.1698702657998075,7.827422949345387,8.885438670318093,8.967559490205867,8.968666793195124,negative
sp|Q9RAS9|METC_LACLA,3.995062065696506,7.3450961758774795,8.451131313109988,8.553115673480857,8.554588851677584,negative
sp|P54419|METK_BACSU,4.086291650038244,7.53508330729105,8.551197484865277,8.632995197142984,8.62935662007968,negative
sp|P47293|METK_MYCGE,4.141165685563194,7.506415658028906,8.468660310852925,8.564592450436216,8.566054038171051,negative
sp|Q98PM0|METK_MYCPU,4.06519991501234,7.4234320392251885,8.443271766031538,8.54303182025527,8.539158811108075,negative
sp|P16400|MLER_LACLA,3.9610972723156244,7.083954586578836,8.024372827814409,8.156036112553391,8.164906926675652,negative
sp|P40859|MSOX_BACB0,4.135790072997505,7.572302302742623,8.512283976207717,8.596189756144389,8.592457037268057,negative
sp|Q9S4K9|NANA_CLOPE,4.04121584741538,7.261431383179202,8.08294825985536,8.15481810905212,8.149747119504703,negative
sp|Q53598|NEUA_STRA3,4.130443293126687,7.636207665566582,8.605135702903082,8.67460205072501,8.675957032941794,negative
sp|O06994|O16G_BACSU,4.201061764140592,7.893558772500439,9.045291637415048,9.120537082438593,9.121533517339977,negative
sp|P29094|O16G_BACTR,4.144851462112279,7.770787549136673,9.0015869901515,9.115971020249267,9.120537082438593,negative
sp|O34777|OHRR_BACSU,3.887518202746164,6.517353261158211,7.124736676221852,7.169925001442332,7.159871336778397,negative
sp|O34714|OXDC_BACSU,4.167901993500935,7.568150009889001,8.49045675032658,8.561722021753052,8.563148499829309,negative
sp|O34767|OXDD_BACSU,4.176389934988287,7.6282902950464155,8.507958807333843,8.588202180461863,8.589603563836585,negative
sp|P41508|P115_MYCHR,3.9062415550326053,7.54504234075342,9.536905473030886,9.906147173628455,9.929258408636928,negative
sp|P75361|P115_MYCPN,4.022267103260881,7.751284089361741,9.59764083132702,9.897621752870183,9.931645665177223,negative
sp|P46107|PCP_BACAM,4.088509492992587,7.039233664088812,7.674827519276753,7.727920454563212,7.721099188707212,negative
sp|Q53596|PCP_STAAU,4.090382602264831,7.101222470605442,7.71424551766611,7.707359132080901,7.700439718141067,negative
sp|Q01328|PCP_STRPY,4.080795619268097,7.091660210578875,7.66898192069536,7.727920454563212,7.721099188707212,negative
sp|Q53778|PEPB_STRA3,4.081658840823294,7.721744952550439,9.076980181095557,9.210623747776552,9.221587121264873,negative
sp|Q10744|PEPC_LACHE,4.155142668138685,7.708352194451286,8.728068381362334,8.796415594987616,8.797661525853743,negative
sp|Q09145|PEPO_LACLC,4.070866048690901,7.663845575155823,9.104281145130361,9.263826715784736,9.277555336047028,negative
sp|P55179|PEPT_BACSU,4.086979851010121,7.6005534278933125,8.592143754956476,8.663970979352232,8.66533591718513,negative
sp|Q9L4G1|PEPT_LACHE,4.134309007504227,7.608028926550957,8.593566633554753,8.67460205072501,8.675957032941794,negative
sp|P22346|PEPX_LACLC,4.128909081047253,7.860174687819834,9.363731930594572,9.548802976752166,9.567956075415646,negative
sp|Q46267|PFLA_CLOPA,4.037665848009925,7.006748234227393,7.794698610793328,7.876516946564981,7.87036471958339,negative
sp|O68575|PFLA_STRMU,4.165633947410223,7.347591549212841,7.98959182032464,8.022367813028454,8.01680828768652,negative
sp|P47542|PGK_MYCGE,3.9768001954776326,7.34300983237774,8.520758032368123,8.66578489635892,8.686500527183187,negative
sp|P50849|PNP_BACSU,4.011350541685108,7.623937799921281,9.220200938216385,9.42473996353993,9.451211111832377,negative
sp|P37487|PPAC_BACSU,3.9539564487849486,7.153113965884808,8.133398509851164,8.244315947267856,8.252665432450202,negative
sp|P32397|PPOX_BACSU,4.10899885397477,7.656666221664753,8.768848106326296,8.858713429217246,8.864186144654221,negative
sp|P45617|PT1_MYCCA,4.010576071821468,7.550853785621066,8.972102736569822,9.14780056519252,9.152284842306708,negative
sp|P47668|PT1_MYCGE,4.068482217032573,7.619938745249412,8.96137133272499,9.134710149863823,9.149747119504632,negative
sp|P26379|PTFA_BACSU,4.032089968608837,6.684912969250692,7.067460504899529,7.145885322792383,7.149747119504689,negative
sp|P26380|PTFB_BACSU,4.023947000013489,6.636680848574521,7.25638271662392,7.321928094887368,7.312882955284325,negative
sp|P45618|PTGA_MYCCA,3.9486665012449094,6.709842499484682,7.208453829233041,7.225159706212477,7.228818690495862,negative
sp|P42013|PTHP_BACST,3.8396805139837755,6.121104415388957,6.40300894074861,6.409390936137707,6.39231742277876,negative
sp|O31148|PTHP_LISMO,3.8403691545931906,6.043462030306617,6.40300894074861,6.409390936137707,6.39231742277876,negative
sp|P45611|PTHP_MYCCA,3.7501314352812165,5.911165765889066,6.309985684934658,6.409390936137707,6.39231742277876,negative
sp|P11502|PTLA_LACCA,3.8974764814286473,6.4384719473922205,6.744996077161032,6.7681843247769145,6.754887502163458,negative
sp|P23532|PTLA_LACLA,3.943421161598926,6.3470273383126035,6.686500527183236,6.6724253419715,6.658211482751779,negative
sp|P27547|PTMA_ENTFA,3.9803975064154726,6.477226348929448,7.061969238876299,7.135662612462435,7.139551352398772,negative
sp|P17875|PTMA_STAAM,3.9272915799180024,6.584503017346303,7.096998160909411,7.129283016944978,7.118941072723523,negative
sp|Q02420|PTMA_STRMU,4.005909574397106,6.638471355518847,7.089941266848326,7.135662612462435,7.139551352398772,negative
sp|Q8XIB9|RF1_CLOPE,4.070184359121154,7.470817698136116,8.433536447655317,8.479780264029166,8.475733430966425,negative
sp|Q88UT2|RF1_LACPL,4.067767038391937,7.497307322103599,8.39443030240392,8.474178023132808,8.475733430966425,negative
sp|Q927V0|RF1_LISIN,4.021154063541302,7.382298542887649,8.359132939381235,8.460407608758281,8.46760555008297,negative
sp|P71496|RF1_MYCCA,4.0433055972214555,7.434904591741134,8.42911932697512,8.514186661562487,8.515699838283988,negative
sp|Q7NBX3|RF1_MYCGA,4.095875663391956,7.4377786047863035,8.3923216780962,8.46297354134009,8.475733430966425,negative
sp|P47500|RF1_MYCGE,4.037825906008756,7.341580051213217,8.310971685579608,8.470115453438336,8.471675214392084,negative
sp|Q8EWY5|RF1_MYCPE,4.03215079262642,7.40102152160896,8.345326482516558,8.475733430966425,8.471675214392084,negative
sp|Q98RA5|RF1_MYCPU,3.9859892849533027,7.245149185688971,8.376825397076324,8.470115453438336,8.471675214392084,negative
sp|Q99SE0|RF1_STAAM,3.993064683677314,7.3557583717378225,8.328922581229092,8.471675214392084,8.46760555008297,negative
sp|Q8E5C3|RF1_STRA3,4.01952446115362,7.368664513437244,8.382427637972683,8.470115453438336,8.471675214392084,negative
sp|P28367|RF2_BACSU,4.119097812782231,7.484847107312154,8.390336158049898,8.487296812375938,8.494321025204739,negative
sp|Q9CGX1|RF2_LACLA,4.093825342817329,7.425125770685078,8.38604367876116,8.499845887083191,8.495855026887199,negative
sp|Q88YL5|RF2_LACPL,4.1169482161699715,7.581376507052673,8.420970989039972,8.461955832568846,8.463524373271145,negative
sp|Q837X4|RF3_ENTFA,4.133841530616352,7.697135297129095,8.897130781040163,9.009784475906123,9.022367813028577,negative
sp|O86490|RF3_STAAC,4.158076414943198,7.784925710175175,8.94637300196096,9.009086279964462,9.010151998361444,negative
sp|Q9KA66|RRF_BACHD,3.8474543105595185,6.662481447642415,7.441860574264648,7.499845887083174,7.491853096329661,negative
sp|P81099|SCP1_BACSU,4.0551831093048225,6.361162905781995,6.606200954695388,6.638409502553759,6.6438561897747395,negative
sp|P81100|SCP2_BACSU,4.056142562723048,7.0494935071747635,7.5496338874715025,7.607330313749649,7.599912842187102,negative
sp|Q46455|SELB_MOOTH,3.9735463558349418,7.483478304248133,9.061242437235427,9.291987478659225,9.29920801838727,negative
sp|P52934|SP0A_BACST,4.104998528270606,7.206387175997866,7.9511498410226995,7.9921875,7.994353436858871,negative
sp|P06535|SP0B_BACSU,4.079729200108524,6.923534309765689,7.538276660962539,7.562242424221083,7.554588851677659,negative
sp|P33112|SPAR_BACSU,4.1284051328576075,7.148948475007744,7.740661388997099,7.761551232444494,7.754887502163464,negative
sp|Q08788|SRF4_BACSU,4.111750203227403,7.220772718523555,7.842289402123058,7.894817763307991,7.8887432488983045,negative
sp|Q81LK0|SYA_BACAN,4.099388171662599,7.890635239176233,9.576045150053304,9.759608759352181,9.772503954578402,negative
sp|Q97IG3|SYA_CLOAB,4.080002331757438,7.80661948332545,9.55214358720562,9.76213179923926,9.774152530734352,negative
sp|Q8XJH6|SYA_CLOPE,4.052654239436941,7.765403878640642,9.482490380244995,9.745666311879399,9.76628206386263,negative
sp|Q896F2|SYA_CLOTE,4.0364706423998875,7.7385249515555055,9.48301990526975,9.737395635512001,9.770853492434059,negative
sp|Q835J8|SYA_ENTFA,4.094969699964624,7.883843296795584,9.544826574274005,9.755047755931429,9.772503954578402,negative
sp|P61702|SYA_LACJO,4.108858904856716,7.929657853520742,9.590849781147625,9.762074559916625,9.773521320879352,negative
sp|Q9CEW0|SYA_LACLA,4.089432583271979,7.820911294077657,9.51854542691567,9.726388431256142,9.752334642582873,negative
sp|P47534|SYA_MYCGE,4.074291979393852,7.81718448146197,9.564698597414234,9.788897285287318,9.805122779200397,negative
sp|P61704|SYA_MYCMS,4.077725262937996,7.827302420338603,9.553120251615198,9.77927460979973,9.7964155949875,negative
sp|Q99TN1|SYA_STAAM,4.127147545111172,7.948481212328176,9.613291915145345,9.760674040651235,9.768184324777,negative
sp|Q8RAH4|SYA_THETN,4.056473943898676,7.765301353678933,9.533292910033147,9.750282063862622,9.769201139981158,negative
sp|Q8XHQ5|SYC_CLOPE,4.116441133603317,7.642014730190698,8.737291339955256,8.85054872883258,8.851749041416104,negative
sp|Q9CEJ0|SYC_LACLA,4.142438726162979,7.67006707657635,8.679230253044809,8.779683997763854,8.785406857341117,negative
sp|Q88YX9|SYC_LACPL,4.121884532852674,7.6609915425850525,8.776347625566311,8.858713429217246,8.864186144654221,negative
sp|Q92F36|SYC_LISIN,4.11895805032695,7.704674494827959,8.784937129563723,8.861817711036396,8.867278739709752,negative
sp|P75423|SYC_MYCPN,4.139654965159277,7.692877460271156,8.672917567747545,8.733901462859174,8.75822321472675,negative
sp|Q8ETZ9|SYC_OCEIH,4.147217988875829,7.698870737916028,8.759561922546578,8.86108690599532,8.857980995127683,negative
sp|Q99W73|SYC_STAAN,4.156762098819822,7.742233949079554,8.780394788231122,8.84190941997729,8.8474200370871,negative
sp|Q8E7F2|SYC_STRA3,4.1474544469182,7.708439314901461,8.73024579551666,8.794415866350127,8.791162888555036,negative
sp|Q8R7T3|SYC_THETN,4.098614535371123,7.655516262935225,8.766463250081346,8.857980995127683,8.854868383260225,negative
sp|Q9PR21|SYC_UREPA,4.025015932052822,7.409251500598553,8.641735564241667,8.739747464149382,8.750257872533789,negative
sp|Q8DSG3|SYD1_STRMU,4.084694589067693,7.686789590152746,8.98916773979607,9.166115986566698,9.170511075122215,negative
sp|Q9KDG1|SYD_BACHD,4.07828553014431,7.741148506200361,9.070616055910518,9.206074987250545,9.207014320177395,negative
sp|Q8XJ28|SYD_CLOPE,4.09893257265953,7.708266580137748,9.046965101878234,9.204218110699733,9.211888294545957,negative
sp|Q9CE80|SYD_LACLA,4.066093452480812,7.655207135132007,9.033389287845182,9.180180917982376,9.194756854422275,negative
sp|Q88VQ8|SYD_LACPL,4.123555262569727,7.807134924821785,9.073162564071717,9.210023169119662,9.214319120800742,negative
sp|Q92BJ4|SYD_LISIN,4.067793055679545,7.728888700311223,9.028499609048687,9.17586282102685,9.193809538084592,negative
sp|Q48979|SYD_MYCCA,4.082696779127716,7.570381792012037,8.77628671681267,8.890223928941886,8.903881845736185,negative
sp|Q8EWB7|SYD_MYCPE,4.06919256517403,7.681644729384853,9.026527001686196,9.162028895127147,9.169925001442374,negative
sp|P75068|SYD_MYCPN,4.159573363828394,7.791969801445137,9.026253871147361,9.106521949442785,9.11113567023464,negative
sp|Q8EPS0|SYD_OCEIH,4.092763492662444,7.759515315105299,9.067132694790905,9.192869623747939,9.197216693110146,negative
sp|Q99TL9|SYD_STAAM,4.091660854247347,7.700280473248599,9.057786440588677,9.18203640421431,9.189824558879927,negative
sp|Q8RAI7|SYD_THETN,4.081329408447488,7.660113455171876,9.071919173899305,9.191937066614898,9.196270984292156,negative
sp|Q9PQK5|SYD_UREPA,4.097386858578878,7.690783891393798,9.00712215854164,9.153505102353337,9.164906926675643,negative
sp|Q8RB93|SYE1_THETN,4.12227666257831,7.6835274011666455,8.796345781008982,8.900866807980819,8.89784545600555,negative
sp|Q8R7T1|SYE2_THETN,4.096949992890953,7.567965672273948,8.791655776351273,8.90873995863654,8.909893083770028,negative
sp|Q9KGF6|SYE_BACHD,4.103271245008015,7.625730457439312,8.792670734934447,8.90459058104318,8.909893083770028,negative
sp|P22249|SYE_BACST,4.1167029671765984,7.640359482545266,8.815344928196994,8.924812503605782,8.92184093707456,negative
sp|Q8XLP3|SYE_CLOPE,4.109915238999323,7.619858837693502,8.910505741054585,9.059025699038246,9.078459004453563,negative
sp|Q896M5|SYE_CLOTE,4.118223428024522,7.685124318811344,8.81370139249467,8.917717225734354,8.918863237274646,negative
sp|O86083|SYE_LACDE,4.155257169188949,7.717945412625566,8.864600777440819,8.953077896693099,8.954196310386761,negative
sp|Q88YY0|SYE_LACPL,4.137884157074701,7.69000441433894,8.84715265668583,8.925159860718713,8.93844946468873,negative
sp|Q92F38|SYE_LISIN,4.141346698852884,7.719834095449995,8.83498991363015,8.922540616251528,8.927777962082342,negative
sp|Q7NAE5|SYE_MYCGA,4.097716987633354,7.657033595142493,8.843803392035639,8.9472443109266,8.948367231584612,negative
sp|P47700|SYE_MYCGE,4.075670583388162,7.578402337892803,8.783709538498604,8.90157707545402,8.906890595608552,negative
sp|Q8EU94|SYE_MYCPE,4.073596512431018,7.553722459898219,8.789882174187957,8.910598774464727,8.915879378835738,negative
sp|P53662|SYE_MYCPU,4.064254840871203,7.5336237104778885,8.708059776623836,8.84818368018887,8.857980995127683,negative
sp|Q8EU02|SYE_OCEIH,4.125642012722626,7.665278469929974,8.799924445641906,8.924812503605782,8.92184093707456,negative
sp|Q97NG1|SYE_STRPN,4.104468381520255,7.604352564359468,8.812438082307024,8.906034891253618,8.912889336229902,negative
sp|Q9PPP0|SYE_UREPA,4.091194419009796,7.598839024244363,8.757911897682872,8.89553111504725,8.900866807980819,negative
sp|Q8XJ75|SYFA_CLOPE,4.119257826580234,7.451152775997953,8.296719966079861,8.400879436282148,8.396604781181843,negative
sp|Q88WR3|SYFA_LACPL,4.118317833036619,7.470777904688888,8.342142678503755,8.430452551665482,8.426264754702101,negative
sp|Q92CI7|SYFA_LISIN,4.1246540800194555,7.494959445570176,8.368230852170603,8.421500786295846,8.434628227636702,negative
sp|Q7NBB8|SYFA_MYCGA,4.171921039708315,7.499391395246872,8.381154964970197,8.434628227636702,8.430452551665482,negative
sp|P47436|SYFA_MYCGE,4.084063757282196,7.366873299433089,8.290820261065113,8.400879436282148,8.396604781181843,negative
sp|Q8EUJ8|SYFA_MYCPE,4.041899758532697,7.2993597157790235,8.270894339229821,8.383127956992206,8.396604781181843,negative
sp|Q99QR1|SYFA_STAAM,4.152379425675762,7.525068166042939,8.394068254689495,8.44708322620969,8.442943495848764,negative
sp|Q8P1K1|SYFA_STRP8,4.126737680299993,7.540257132642127,8.443631171768983,8.520570649705522,8.52747700606036,negative
sp|Q8R9C6|SYFA_THETN,4.093599298548488,7.38933848978033,8.33132288207205,8.386365041826437,8.388017285345168,negative
sp|Q9PQ32|SYFA_UREPA,4.105503223648712,7.286230248084588,8.212788124310219,8.354201002124652,8.361943773735257,negative
sp|Q81L31|SYFB_BACAN,4.050044405199273,7.741680042851093,9.412806821749077,9.619368257218479,9.647458426454971,negative
sp|Q9K896|SYFB_BACHD,4.062225297859128,7.785679195306994,9.401157414974934,9.615577892256749,9.651051691178983,negative
sp|P17922|SYFB_BACSU,4.023043118541498,7.694200935245789,9.418594492512758,9.625683401197687,9.643856189774723,negative
sp|Q97GL0|SYFB_CLOAB,4.040917533635767,7.702271277530792,9.356349365191647,9.611207218783882,9.62205181945648,negative
sp|Q8XJ76|SYFB_CLOPE,4.071613788697473,7.779093015127773,9.390430376228041,9.617158352555311,9.623881490013286,negative
sp|Q836J5|SYFB_ENTFA,4.0695297083971465,7.763925124496151,9.433553886029426,9.631151193666543,9.64925617751736,negative
sp|Q9CEB5|SYFB_LACLA,4.074939161502735,7.781556246374952,9.423774021856346,9.617881847017168,9.63117705570403,negative
sp|Q88WR2|SYFB_LACPL,4.103066779638408,7.7842477945193655,9.437501382975256,9.62501453618065,9.643161553507298,negative
sp|Q92CI6|SYFB_LISIN,4.046310254283311,7.765198023656122,9.439750924130797,9.632039177283412,9.640244936222388,negative
sp|P47437|SYFB_MYCGE,4.021739244273939,7.62305212447767,9.344045363396896,9.629330897318106,9.644964660868936,negative
sp|P75563|SYFB_MYCPN,4.0911919634610765,7.818360973439362,9.449344191199813,9.639977129696867,9.645658432408672,negative
sp|Q8EPH5|SYFB_OCEIH,4.130517530150303,7.889445944339044,9.475793729255072,9.640884750078545,9.656424863277728,negative
sp|Q99UW6|SYFB_STAAM,4.082126090207411,7.815513640837004,9.437520077186269,9.628398272836058,9.636624620543715,negative
sp|Q8E5U1|SYFB_STRA3,4.061873883902885,7.784410739570853,9.44486912093593,9.627713607901587,9.638435913990387,negative
sp|Q8R9C7|SYFB_THETN,4.026106025323086,7.697993891160733,9.36791893065281,9.606351978654684,9.625708843064379,negative
sp|Q9PQ33|SYFB_UREPA,3.99613939493998,7.578473269240272,9.293359858955558,9.568634326323322,9.584962500721197,negative
sp|Q9CGK1|SYGA_LACLA,4.143684282827734,7.506146670690878,8.216668335847556,8.281881895388466,8.28362907057476,negative
sp|Q9KD48|SYGB_BACHD,4.043095515779893,7.695868441016152,9.24762954509055,9.421756899491635,9.42836017270419,negative
sp|P54381|SYGB_BACSU,4.078507024632469,7.741549982422638,9.22313840834473,9.392003696637333,9.398743691938327,negative
sp|Q9CGK0|SYGB_LACLA,4.049225797213058,7.634162301447125,9.149074414455376,9.37010683758398,9.3858624006414,negative
sp|Q88VS3|SYGB_LACPL,4.078553585082259,7.777631960565345,9.274195351901735,9.426753188376852,9.430452551665548,negative
sp|Q92BQ2|SYGB_LISIN,4.081857267230409,7.784740630169424,9.237619685979032,9.411201053760463,9.417852514885913,negative
sp|Q8NZW7|SYGB_STRP8,4.023083907787497,7.691004766706692,9.219069150586732,9.39792085640065,9.398743691938327,negative
sp|P75425|SYG_MYCPN,4.128278539119073,7.615127231344077,8.705104930564817,8.796415594987616,8.797661525853743,negative
sp|Q99TT1|SYG_STAAM,4.1870922399305925,7.794149529732125,8.749903254953605,8.836794398770483,8.84235034341392,negative
sp|Q9PPZ7|SYG_UREPA,4.162929342106171,7.704850094913887,8.760687283583092,8.863750989118204,8.873444112515376,negative
sp|P62367|SYH1_BACC1,4.048193033190049,7.450155394631844,8.649212781978619,8.748985339438065,8.754887502163418,negative
sp|Q9KDG2|SYH_BACHD,4.14799440558134,7.683999374805494,8.673676756376043,8.731319031025127,8.72792045456325,negative
sp|Q97FJ7|SYH_CLOAB,3.9508255799444965,7.39769387092226,8.577297214189663,8.728724578121662,8.734709620225807,negative
sp|Q8XJ27|SYH_CLOPE,4.102411550234233,7.570178898813999,8.591317856402107,8.686500527183187,8.682994583681674,negative
sp|Q892X7|SYH_CLOTE,4.010065088161882,7.44636141144747,8.615277427151591,8.759010012850265,8.76487159073605,negative
sp|Q833I1|SYH_ENTFA,4.122985656686947,7.6329314643876796,8.668017376954511,8.748192849589493,8.74483383749958,negative
sp|P60916|SYH_LACJO,4.086293597629741,7.665209942519069,8.692456099099049,8.731319031025127,8.72792045456325,negative
sp|Q9CE78|SYH_LACLA,4.070433238778413,7.5015194451192695,8.648009042475854,8.728724578121662,8.734709620225807,negative
sp|Q88VQ7|SYH_LACPL,4.080918971544908,7.50133543147384,8.603498550077017,8.715057588344507,8.721099188707166,negative
sp|Q92BJ3|SYH_LISIN,4.102842727483814,7.614131665833561,8.637622866117173,8.721099188707166,8.717676423066376,negative
sp|Q7NBS9|SYH_MYCGA,4.075190120770212,7.468511385567016,8.53948271758264,8.699959803380422,8.710806433699338,negative
sp|P47281|SYH_MYCGE,4.081304286787436,7.4659307527962095,8.58272652839153,8.673262223584349,8.679480099505497,negative
sp|P62372|SYH_MYCMS,4.0185485946427315,7.409185617001583,8.534182839071144,8.67326222358435,8.679480099505497,negative
sp|Q8EWB8|SYH_MYCPE,3.989561376689339,7.411322348764158,8.60643513615682,8.715057588344509,8.721099188707166,negative
sp|P75069|SYH_MYCPN,4.073632065065144,7.477420022491622,8.549935812361612,8.673262223584349,8.679480099505497,negative
sp|Q98QM8|SYH_MYCPU,3.947080351437481,7.274734327812536,8.51172650645687,8.699107410375087,8.700439718141068,negative
sp|Q8EPR9|SYH_OCEIH,4.154668164383745,7.658488840360174,8.667834648379273,8.734709620225807,8.731319031025127,negative
sp|P60918|SYH_ONYPE,4.167660448082637,7.632162565765813,8.576150279570893,8.696486624630126,8.707359132080823,negative
sp|Q8CS98|SYH_STAEP,4.12551857866167,7.586533092126676,8.645269804820913,8.703424641593692,8.714245517666136,negative
sp|Q8CWW2|SYH_STRMU,4.1134989640878565,7.610810401209317,8.650247353287174,8.730014784545057,8.731319031025127,negative
sp|Q8RAI8|SYH_THETN,4.097523028029674,7.541053977969148,8.600581984065641,8.674163286001763,8.685155356407344,negative
sp|Q9PQK6|SYH_UREPA,4.019834765674221,7.408685478027092,8.55840060933803,8.694311247305542,8.700439718141068,negative
sp|P41368|SYIP_STAAU,4.108536858485022,7.898587276346037,9.71225030724559,9.976178512288056,9.994353436858685,negative
sp|Q45477|SYI_BACSU,4.169875721115594,8.035721468203041,9.68176702516412,9.820563851038902,9.838596898513334,negative
sp|P47587|SYI_MYCGE,4.089148720921823,7.837560457164074,9.534405303528278,9.764179174020951,9.797036952610654,negative
sp|P41972|SYI_STAAU,4.179303551935794,8.04209781392244,9.674475788346086,9.818544884598648,9.83228046948039,negative
sp|Q9ZHB3|SYI_STRPN,4.154382627556948,7.996631610005975,9.666413713327078,9.837008052897241,9.854868383260145,negative
sp|Q98QH1|SYK1_MYCPU,4.003985833114083,7.508253673079515,8.790000138579028,8.918442255595789,8.927777962082342,negative
sp|Q9KGG4|SYK_BACHD,4.09611239947954,7.739147554830701,8.85316677186593,8.955985867810945,8.957102041562313,negative
sp|Q97EB7|SYK_CLOAB,4.078221628312269,7.612819986343033,8.867318378171671,8.98046875,8.997179480937621,negative
sp|Q9CII7|SYK_LACLA,4.052462252940382,7.598544060881106,8.831224083586784,8.93143257480355,8.936637939002598,negative
sp|Q88Z28|SYK_LACPL,4.096967868279734,7.670698212353487,8.865533077770912,8.954196310386761,8.951284714967004,negative
sp|Q49158|SYK_MYCFE,4.077097788171558,7.646150088849648,8.808032899691865,8.91359351439415,8.918863237274646,negative
sp|Q7NC34|SYK_MYCGA,4.097118698718936,7.663416011392017,8.807659185017151,8.941387041246097,8.942514505339139,negative
sp|P47382|SYK_MYCGE,4.105775384513186,7.637421301667228,8.799589796579376,8.915457633540248,8.920697277268333,negative
sp|P46191|SYK_MYCHO,4.09146174235503,7.692860175804186,8.845069936728903,8.92184093707456,8.918863237274646,negative
sp|Q8EUS8|SYK_MYCPE,4.110081997505969,7.629583773435931,8.825108557564885,8.924812503605782,8.92184093707456,negative
sp|Q8R7N1|SYK_THETN,4.076551520900002,7.640300276866687,8.825291629078762,8.9380672781287,8.951284714967004,negative
sp|Q9PR83|SYK_UREPA,4.089395193943404,7.568127853563119,8.824987233649798,8.932556306349536,8.933690654952212,negative
sp|Q7NB47|SYL_MYCGA,4.138580566810987,7.883025828939925,9.414145358688616,9.63249583293876,9.645658432408672,negative
sp|Q8EW18|SYL_MYCPE,4.1193848380358675,7.876267105011789,9.416611588369989,9.614011555217086,9.632295326901415,negative
sp|P75398|SYL_MYCPN,4.152741810129779,7.946691282993593,9.422680407839074,9.613050615216277,9.623881490013286,negative
sp|Q98RB6|SYL_MYCPU,4.083790562115174,7.8116288725608225,9.420802752480988,9.626176069288434,9.64925617751736,negative
sp|Q8CNU8|SYL_STAEP,4.161502838653367,7.960162575132315,9.49412957480997,9.653693739235726,9.661778097772011,negative
sp|Q8E2V2|SYL_STRA3,4.114707007736121,7.889817147024122,9.482520863531281,9.687328972017626,9.695228291495859,negative
sp|Q8RCT6|SYL_THETN,4.171508193475046,7.955900964615296,9.500661744876513,9.65771945961855,9.66574827365853,negative
sp|Q9PQC0|SYL_UREPA,4.15342858461652,7.9372575531881076,9.451388351610587,9.636802877392826,9.647458426454971,negative
sp|P37465|SYM_BACSU,4.1097821384604885,7.848264122990431,9.183716957395136,9.347326431250375,9.357231305154793,negative
sp|Q8XHG1|SYM_CLOPE,4.1270658973921694,7.79366762728154,9.191404845669245,9.313968427932195,9.324180546618809,negative
sp|Q88Z97|SYM_LACPL,4.127062637131175,7.8393130955377295,9.220411185534285,9.391743877314289,9.40726776424467,negative
sp|P47267|SYM_MYCGE,4.153864732484858,7.782384051600861,8.898755618227057,8.987592572991277,8.988684686772244,negative
sp|Q50319|SYM_MYCPU,4.030456925606107,7.51415193148694,8.841819155921291,8.975088436354378,8.980139577639086,negative
sp|Q8CQU3|SYM_STAEP,4.12866077449713,7.868353852622756,9.20520357243675,9.347876394410173,9.348728154230935,negative
sp|P59080|SYM_STRP3,4.147385151510116,7.848556908205088,9.204675354223843,9.358602814662248,9.368506461507558,negative
sp|Q8RDD1|SYM_THETN,4.116027940102256,7.781990944968694,9.158378768953272,9.307463175360251,9.308339030139326,negative
sp|Q9PQU6|SYM_UREPA,4.140538576693203,7.719820268205592,8.910236417178375,9.009086279964464,9.014020470315021,negative
sp|Q9KC78|SYN_BACHD,4.135635006674705,7.696721148631049,8.69006511724221,8.728724578121662,8.734709620225807,negative
sp|P58693|SYN_CLOPE,4.156488368181629,7.760515149330042,8.762525213709118,8.847420037087101,8.848622940429372,negative
sp|Q831X4|SYN_ENTFA,4.131609118559398,7.589683503577565,8.707455619597395,8.799656748252715,8.800899899920351,negative
sp|P54262|SYN_LACDE,4.171761141609669,7.72735871479609,8.650518430984837,8.740171832837577,8.741466986401086,negative
sp|P47359|SYN_MYCGE,4.094192803028626,7.575051005625685,8.67510600380596,8.818952229008746,8.820178962415149,negative
sp|Q8EW03|SYN_MYCPE,4.141987826080078,7.709528577777841,8.759333955849545,8.813781191217078,8.810571634741175,negative
sp|Q98PF2|SYN_MYCPU,4.073794404959099,7.572720139322412,8.713604922057582,8.804131021183364,8.800899899920351,negative
sp|Q9PQC6|SYN_UREPA,4.135729583575754,7.676394036274266,8.743287618383816,8.812549033454864,8.813781191217078,negative
sp|O31755|SYP_BACSU,4.109827995847313,7.683823512408653,8.95957816629485,9.1104665862773,9.118568731230656,negative
sp|Q9L4Q8|SYP_CLOST,4.205798303133647,7.801577660306089,8.85377746160257,8.900866807980819,8.89784545600555,negative
sp|P47525|SYP_MYCGE,4.1292181737684714,7.57864732638754,8.839207013083959,8.906890595608552,8.903881845736185,negative
sp|Q8XMP3|SYQ_CLOPE,4.160293442950032,7.794348252172167,9.0378332629574,9.10066233900525,9.098032082960612,negative
sp|Q81JT7|SYR1_BACAN,4.075612093835719,7.6542866361037625,8.942226732820655,9.103902397178581,9.108524456778216,negative
sp|Q81R81|SYR2_BACAN,4.089038297146705,7.634999048705941,8.878337793707479,9.090926297530125,9.11336862365723,negative
sp|Q9KEL8|SYR2_BACHD,4.126248498547569,7.752299370414433,8.980013954059638,9.116952853047913,9.121533517339977,negative
sp|Q8XJU2|SYR_CLOPE,4.067807542999667,7.61997216977172,8.97753385184785,9.123750163637366,9.13185696060885,negative
sp|Q831N1|SYR_ENTFA,4.0751419176706305,7.649249503285876,8.93126992850015,9.114997302659228,9.126704472843185,negative
sp|Q9CE12|SYR_LACLA,4.049258884656251,7.601797603206701,8.96179366896004,9.114031648665891,9.125711588373514,negative
sp|Q88X53|SYR_LACPL,4.075249257685311,7.700298166197291,9.012301275865788,9.119548837780574,9.124121311829274,negative
sp|Q927T2|SYR_LISIN,4.068106333814183,7.686093597858284,8.945836841123906,9.096669124122524,9.108524456778216,negative
sp|Q7NC67|SYR_MYCGA,4.097070731292547,7.664938561751233,8.955835790727784,9.098032082960612,9.095397022792557,negative
sp|P47618|SYR_MYCGE,4.083243480917765,7.618981007271173,8.892348772869207,9.049459976631386,9.05799172275913,negative
sp|P75222|SYR_MYCPN,4.129683355359752,7.736355278508567,8.918516997168274,9.053205294983444,9.05799172275913,negative
sp|Q8EM45|SYR_OCEIH,4.097981268100208,7.681694848560257,8.983300536976188,9.100285760650554,9.108524456778216,negative
sp|Q932F6|SYR_STAAM,4.072599591192277,7.613768380452505,8.938459030337919,9.09237871750285,9.10066233900525,negative
sp|Q8DRW2|SYR_STRMU,4.078065122036765,7.6678863047206125,8.954005913352491,9.114997302659228,9.123126655311879,negative
sp|Q8R786|SYR_THETN,4.072023789953554,7.657620740141383,8.980158418722931,9.119548837780572,9.124121311829274,negative
sp|Q9PQL3|SYR_UREPA,4.055882467627669,7.607621478956869,8.915067370357514,9.08442810140316,9.092757140919858,negative
sp|Q88Z60|SYS1_LACPL,4.15765419548702,7.65682362714329,8.632165734230272,8.699959803380422,8.7060331640096,negative
sp|Q97N21|SYS2_CLOAB,4.077583301285642,7.515377988903683,8.625223072978077,8.711620515721386,8.717676423066376,negative
sp|Q88XZ7|SYS2_LACPL,4.131901231982737,7.633569342532117,8.64235099850488,8.716359852214275,8.717676423066376,negative
sp|Q899T6|SYS_CLOTE,4.1118346460155495,7.598760710110903,8.643014794185893,8.719785720732215,8.721099188707166,negative
sp|Q926Z9|SYS_LISIN,4.090995342554968,7.512559176132255,8.62130753102003,8.72792045456325,8.724513853119921,negative
sp|Q7NAD6|SYS_MYCGA,4.0843573006680245,7.509417712145279,8.630804108157381,8.699107410375088,8.700439718141068,negative
sp|Q8EW01|SYS_MYCPE,4.02501999013016,7.383202546915795,8.560421515863597,8.715057588344507,8.721099188707166,negative
sp|P75107|SYS_MYCPN,4.066400722062298,7.393575756327523,8.57753936531889,8.699107410375087,8.700439718141068,negative
sp|Q98RH5|SYS_MYCPU,4.004199029477939,7.411492394232863,8.606964488581609,8.688220376099963,8.699107410375087,negative
sp|P61083|SYS_STAAM,4.13325082579201,7.6417464261892425,8.631423235249281,8.731319031025127,8.72792045456325,negative
sp|Q8DSB7|SYS_STRMU,4.123007742586315,7.56212414432943,8.643014794185895,8.724513853119921,8.721099188707166,negative
sp|Q9PR38|SYS_UREPA,4.09142608149595,7.5552594374027775,8.63793971814107,8.696967526234324,8.69348695749935,negative
sp|P18256|SYT2_BACSU,4.140352175404795,7.777226648183874,9.138323914390117,9.304313569061039,9.308339030139326,negative
sp|Q9K866|SYT_BACHD,4.108209083502027,7.747197384198071,9.121801599165106,9.313968427932195,9.321060421813817,negative
sp|Q8XI02|SYT_CLOPE,4.1358645013836,7.840129758170729,9.187659836783661,9.318803094887366,9.319672120947047,negative
sp|Q88WU9|SYT_LACPL,4.127605571935057,7.790211023036163,9.214510707905298,9.331152750062575,9.341218984838969,negative
sp|P47615|SYT_MYCGE,4.0670439576830395,7.649686539283074,8.990734349576575,9.12829189822026,9.129283016944942,negative
sp|Q98PH6|SYT_MYCPU,4.074092113845616,7.6918972505614125,9.048972144543434,9.18110497728917,9.192292814470719,negative
sp|Q8K8C0|SYT_STRP3,4.16015577839378,7.875474945821202,9.203272501456647,9.318494517866153,9.328674927327844,negative
sp|Q8R9A4|SYT_THETN,4.108204925832404,7.797260406084067,9.185830324339534,9.321060421813819,9.321928094887365,negative
sp|Q9PPV6|SYT_UREPA,4.131217596913871,7.715380243358315,9.029596962777577,9.165495099633212,9.166452779220153,negative
sp|Q9K8G8|SYV_BACHD,4.1673520432675275,8.041374086970528,9.599797716080957,9.765030523892847,9.774787059601236,negative
sp|P36420|SYV_LACCA,4.168972513637099,8.019781155391478,9.663373704278689,9.808344463248796,9.808964174919431,negative
sp|P75304|SYV_MYCPN,4.125791004157053,7.897722131067101,9.497689021416766,9.693656339457014,9.703903573444682,negative
sp|Q9PQM4|SYV_UREPA,4.085376301077725,7.863474750016782,9.525841076459947,9.749588739250834,9.764871590736151,negative
sp|Q46127|SYW_CLOLO,4.072005575975972,7.373827793481913,8.3225455929299,8.394962276518834,8.396604781181843,negative
sp|Q891C7|SYW_CLOTE,4.105608167510991,7.449198800327264,8.35065075611215,8.388017285345168,8.383704292473997,negative
sp|Q830U2|SYW_ENTFA,4.093981622985186,7.47960823760741,8.29987195714466,8.373372361065288,8.375039431346906,negative
sp|Q7NAT8|SYW_MYCGA,4.041172210781587,7.359900912877432,8.373977978607382,8.43302816381746,8.434628227636702,negative
sp|P47372|SYW_MYCGE,3.9441527836386667,7.252442482470867,8.318119544412838,8.420450801213729,8.422064766172785,negative
sp|Q8EVV1|SYW_MYCPE,4.051320352451009,7.341514267016066,8.29302735355128,8.375039431346906,8.370687406807162,negative
sp|Q98PH7|SYW_MYCPU,4.02923163748663,7.316049379729705,8.269352517276163,8.34978571902401,8.357552004618091,negative
sp|Q99V94|SYW_STAAM,4.103947925601547,7.5004274617504825,8.299600112946582,8.348728154231113,8.344295907915777,negative
sp|Q8DRR1|SYW_STRMU,4.114806784228637,7.444845067695399,8.315805804618943,8.390670063080952,8.392317422778817,negative
sp|Q8R9X8|SYW_THETN,4.11398085026632,7.420949023925707,8.268127023293738,8.339850002884596,8.335390354693944,negative
sp|Q9PQW8|SYW_UREPA,4.042383534643075,7.342146690605131,8.334433630372118,8.36026160818526,8.361943773735257,negative
sp|P22326|SYY1_BACSU,4.084769514415958,7.581131821216252,8.628531231951847,8.710806433699338,8.707359132080823,negative
sp|P25151|SYY2_BACSU,4.069228786671811,7.5120939392021615,8.547127264123812,8.67106705739167,8.672425341971591,negative
sp|P47693|SYY_MYCGE,4.008898587003737,7.331237905177806,8.501235998985145,8.653260987702254,8.65463602852797,negative
sp|P75122|SYY_MYCPN,4.095692486948881,7.491297800280296,8.527201746261365,8.609154599877659,8.62064555192527,negative
sp|P27623|TAGD_BACSU,4.049587378284457,6.638557324168044,6.957188623780022,6.977279923499926,6.965784284662099,negative
sp|P45359|THLA_CLOAB,3.9965332590408784,7.300974791813469,8.497702397077434,8.603626344986285,8.5999128421871,negative
sp|P45855|THL_BACSU,4.014167855962063,7.370742106675479,8.522137616994966,8.59194569836503,8.59334356863667,negative
sp|P45362|THL_CLODI,3.8285373101526825,6.255907420306717,6.781359713524669,6.7681843247769145,6.754887502163458,negative
sp|P39795|TREC_BACSU,4.220731572846744,7.932031466979306,9.030103399497921,9.124121311829274,9.121533517339977,negative
sp|O32271|TUAD_BACSU,4.0715090208570555,7.6194853864248975,8.725771312903396,8.830470163642818,8.836050355058104,negative
sp|P00469|TYSY_LACCA,4.1601860473681525,7.419297593103407,8.218187627872542,8.290018846932586,8.285402218862195,negative
sp|P19368|TYSY_LACLA,4.156370234377964,7.38684379404481,8.055980433197249,8.101278079966534,8.103287808412025,negative
sp|Q9XC19|TYSY_MYCGA,4.161360283875728,7.384012284285685,8.109157797755792,8.159871336778439,8.15481810905212,negative
sp|P47469|TYSY_MYCGE,4.124282525592448,7.285335322610854,8.105695302034576,8.149747119504703,8.14465824283186,negative
sp|P94669|URE1_CLOPE,4.115593893982958,7.782416871838054,9.068763476852792,9.186399901345679,9.187352073200616,negative
sp|P94668|URE2_CLOPE,4.041736131574556,6.252077324250258,6.62385618977474,6.62935662007962,6.614709844115218,negative
sp|P41022|URE3_BACPA,3.993508808725628,6.202440837185777,6.594301680849912,6.599912842187142,6.5849625007211605,negative
sp|Q55055|UREE_STRSL,3.953650226370864,6.700482530427642,7.168912825088406,7.199672344836354,7.18982455888002,negative
sp|Q56559|UREE_UREPA,3.995428257384188,6.675537487192097,7.145250576128872,7.176125928743034,7.179909090014958,negative
sp|P81102|V12C_BACSU,4.056322668882187,6.992337377155746,7.576323113005971,7.629356620079592,7.6220518194563365,negative
sp|P17978|VGB_STAAU,4.034432809940306,6.877394462431284,7.806932863360755,8.00840682845213,8.093537627292669,negative
sp|Q93PS3|XSC_DESTI,4.132698803423672,7.787288037709697,9.073612649605597,9.17895201261273,9.179909090014974,negative
sp|P77832|XYLA_BACLI,4.080963341593233,7.57781649460106,8.71400553332357,8.797661525853743,8.794415866350127,negative
sp|P29441|XYLA_CLOTS,4.128137771021559,7.627655933119583,8.719418788717547,8.763597168813567,8.76487159073605,negative
sp|P21938|XYLA_LACPE,4.137170652474412,7.612902984865619,8.702319443992474,8.787446985122145,8.797661525853743,negative
sp|P27157|XYLA_STAXY,4.0964529152148215,7.572405405858806,8.684532947761406,8.763597168813567,8.76487159073605,negative
sp|O82845|XYLA_TETHA,4.122253960386739,7.627722547225556,8.684320212417274,8.74562824290416,8.751544059089078,negative
sp|P37552|YABJ_BACSU,4.040340205507341,6.539996009369095,6.897950452317,6.918863237274603,6.906890595608536,negative
nameseq,k1,k2,k3,k4,k5,label
sp|P26901|CATA_BACSU,4.163647045256364,7.804707101813751,8.843365017241963,8.898557262275219,8.903881845736185,positive
sp|P21880|DLDH1_BACSU,3.992702289289788,7.4879604009647,8.733047064655002,8.850148118724741,8.859894299160658,positive
sp|P21881|ODPA_BACSU,4.063643375364891,7.506513717641286,8.444130427463712,8.507257608231,8.519636252843142,positive
sp|P09124|G3P1_BACSU,4.011713602393423,7.29063487043016,8.277276264969187,8.369015334961363,8.370687406807162,positive
sp|P21882|ODPB_BACSU,4.033187794737426,7.323767027632364,8.26108694912119,8.32470569799044,8.326429487122255,positive
sp|P49814|MDH_BACSU,3.972971203008882,7.314270147948507,8.1987050504355,8.264990535994972,8.266786540694858,positive
sp|P54375|SODM_BACSU,4.073063830977083,7.094959962269401,7.550081752263924,7.616524118031097,7.629356620079592,positive
sp|P28598|CH60_BACSU,3.8594901895714115,7.316800399558342,8.847307320846271,9.04481770896146,9.065704485939655,positive
sp|P39634|ROCA_BACSU,4.10037996161554,7.697061990283348,8.88048580020318,8.98828125,8.993265586612768,positive
sp|P9WN39|GLN1B_MYCTU,4.162493710639721,7.7220112988948095,8.804996571076579,8.89178370321824,8.888743248898214,positive
sp|P9WGE7|SODF_MYCTU,4.0425910698272025,7.033367821144465,7.607505038519269,7.662621420402869,7.665335917185182,positive
sp|Q88VM0|DNAK_LACPL,3.9412452922345733,7.494767165133903,9.01598857863692,9.254409492590758,9.268226781949624,positive
sp|P99075|ALF2_STAAN,4.028628237255461,7.2309672985837325,8.065240077251184,8.14465824283186,8.13955135239883,positive
sp|P0DJM2|DNAK_LISMO,3.950668688803725,7.499667702991854,9.037320631997762,9.23955067835194,9.250298417906436,positive
sp|P37869|ENO_BACSU,4.045379442687387,7.568524266527673,8.636899492237156,8.73809225962049,8.734709620225807,positive
sp|Q8Y422|EFTU_LISMO,4.062340090575835,7.425603099141692,8.511515273251018,8.59430168084994,8.611024797307405,positive
sp|Q06320|CWLC_BACSU,3.977096853980617,7.003833371985679,7.840701084575699,7.913787860007864,7.923734789010527,positive
sp|P80868|EFG_BACSU,4.084214549055361,7.806634893309831,9.225692823382719,9.405138111746282,9.423357777957888,positive
sp|P9WNK7|ESXA_MYCTU,3.7796685748057115,6.070442309078404,6.453137305731693,6.501822825622244,6.507794640198703,positive
sp|P9WNK5|ESXB_MYCTU,3.7551122334057703,6.153402928374932,6.594301680849912,6.599912842187142,6.5849625007211605,positive
sp|P39810|FLGK_BACSU,3.951283102431115,7.467153371729004,8.835546409305124,8.973311669531595,8.974414589805493,positive
sp|P39738|FLID_BACSU,3.9624590955983687,7.47252751516782,8.781263976695612,8.93916350284579,8.948367231584612,positive
sp|P02968|FLA_BACSU,3.8802881466139123,7.134590353381796,8.132444474424448,8.220330640214822,8.228818690495938,positive
sp|O53083|RL19_LISMO,3.878345637857656,6.266822103893246,6.735926350629021,6.794415866350121,6.781359713524669,positive
sp|P39138|ARGI_BACSU,3.9891322072029283,7.159374386882576,8.124842412863527,8.18110497728919,8.182975243811564,positive
sp|Q9RLT9|RPOB_LISMO,4.099054697780679,7.99249428204341,9.914862617527461,10.183778008076125,10.202876228994931,positive
sp|Q8YA96|RPOC_LISMO,4.097207063012695,7.941291515207048,9.919148355803417,10.213056600134589,10.22520743694343,positive
sp|Q8Y459|RS9_LISMO,3.9644358406159403,6.5750670809543275,6.984375,6.988684686772148,6.977279923499926,positive
sp|P39797|XEPA_BACSU,4.029627625812525,7.166489905677254,8.034319783377754,8.108524456778127,8.103287808412025,positive
sp|P54327|XKDG_BACSU,4.066999711828827,7.26016885212832,8.213210600719894,8.266786540694858,8.262094845370138,positive
sp|P54331|XKDK_BACSU,3.9598331780402636,7.372427103445992,8.658564346392795,8.815991493411413,8.847420037087101,positive
sp|P54332|XKDM_BACSU,3.992829916189985,6.679349730023987,7.166115986566681,7.169925001442332,7.159871336778397,positive
sp|P39800|XLYA_BACSU,4.097508478029378,7.33009120534791,8.129994873062714,8.199672344836317,8.194756854422295,positive
sp|P80875|G16U_BACSU,4.017576726159974,6.997493815723925,7.556486419658785,7.569855608330959,7.562242424221083,positive
nameseq,k1,k2,k3,k4,k5,label
sp|A5U8S5|COAX_MYCTA,3.972827402058328,7.022928263095543,7.973111893347141,8.071462362556597,8.066089190457737,negative
sp|Q65JY2|MURD_BACLD,4.100183390266587,7.597175330225077,8.680806239403779,8.785033493486155,8.804131021183364,negative
sp|Q8DPJ8|RNC_STRR6,4.0020845810558,7.007339301043912,7.775924833553062,7.8304701636428,7.832890014164776,negative
sp|Q88VH0|APT_LACPL,4.02920362566426,6.775896739968833,7.374096818490612,7.400879436282176,7.392317422778791,negative
sp|Q92EF1|KPRS2_LISIN,4.0367781311981945,7.277410716541047,8.219683092629278,8.266786540694858,8.262094845370138,negative
sp|Q92BJ1|DTD_LISIN,4.012568454033185,6.710615248577489,7.209453365628947,7.199672344836354,7.18982455888002,negative
sp|Q5HG25|DAPA_STAAC,4.006391838797877,7.257250853359103,8.106019653057107,8.182975243811564,8.184875342908285,negative
sp|Q65LE8|ARGB_BACLD,3.9644485064578894,7.058012440473984,7.921875,7.978667162349066,7.988684686772128,negative
sp|Q92BT5|MURB_LISIN,4.038748927017746,7.212513356689615,8.130028450073754,8.188452881529955,8.199672344836317,negative
sp|O05515|TSAE_BACSU,4.109167579348012,6.845389379382191,7.242101657950961,7.276124405274258,7.2667865406949215,negative
sp|Q92A79|NDK_LISIN,4.067842026351453,6.826676956081021,7.152322883118405,7.169925001442332,7.159871336778397,negative
sp|Q65I57|PANC_BACLD,4.0670617187785165,7.294340245332707,8.061969238876337,8.15481810905212,8.149747119504703,negative
sp|Q72X78|SPEE_BACC1,4.060806599156795,7.227295975301252,8.05612710428978,8.087462841250353,8.082149041353835,negative
sp|Q81KI4|MOBA_BACAN,4.143770754040862,7.005725751088206,7.568750559473532,7.611899535192378,7.614709844115192,negative
sp|Q88S50|RHAM_LACPL,4.091387702078208,6.472908294173524,6.6724253419715,6.658211482751779,6.6438561897747395,negative
sp|A2RJT9|PYRDA_LACLM,4.063916418625879,7.367327822931133,8.187320633082354,8.26029303420135,8.262094845370138,negative
sp|Q931P6|ACKA_STAAM,4.071492914907219,7.550208454919718,8.556222610493418,8.627957413767668,8.62935662007968,negative
sp|Q02133|HIS6_LACLA,3.992521630253549,7.119064210831275,7.924866232064865,8.0,7.994353436858871,negative
sp|Q2FJ89|HCHA_STAA3,4.065310287068266,7.293907475435689,8.101443960697129,8.168005267275744,8.169925001442278,negative
sp|Q7A827|HDOX2_STAAN,4.0736879554671,6.372216752715841,6.671316680978279,6.695197898618495,6.7004397181411,negative
sp|Q81XR2|DAPF_BACAN,4.086710948954726,7.332735889962159,8.110920287827389,8.15481810905212,8.149747119504703,negative
sp|P64180|G3P2_STAAM,4.058921927766069,7.35713787571513,8.32844529794465,8.400879436282148,8.396604781181843,negative
sp|Q63A51|COAW_BACCZ,3.9516364206512433,7.058968548792311,7.993087238062077,8.070779118941797,8.087462841250353,negative
sp|Q9RL97|MNME_STRAG,3.9892384768759643,7.462278799986738,8.713414208548384,8.829278447989081,8.839203788096967,negative
sp|O31521|URHG1_BACSU,4.10986099761935,7.503929518574337,8.286990270727516,8.40189772374559,8.409390936137681,negative
sp|Q65K78|MOBA_BACLD,4.091410847887514,6.996719285441477,7.53028087146495,7.584962500721179,7.577428828035749,negative
sp|Q9CEN1|MURE_LACLA,4.059994565708508,7.548175932252206,8.787741550501499,8.894390595608552,8.903881845736185,negative
sp|P94388|CAH_BACSU,4.1223771399703635,7.441520656515283,8.24048960893662,8.292858812038025,8.294620748891651,negative
sp|Q8RPQ1|DPS1_BACAN,3.9812780648338264,6.627228904856611,7.138529779670129,7.169925001442332,7.159871336778397,negative
sp|Q81SX4|IDI2_BACAN,4.077658787551509,7.458114016003762,8.358100209926969,8.417287187174274,8.424655450216207,negative
sp|Q2FYG7|NDK_STAA8,4.075055551914172,6.756618568273179,7.158856018305743,7.18982455888002,7.179909090014958,negative
sp|P45947|ARSC_BACSU,4.189787416135107,6.827691938646547,7.083433542814526,7.0874628412503275,7.076815597050856,negative
sp|O07608|LPLJ_BACSU,4.085404379032921,7.4197884839141715,8.30723252753465,8.357552004618091,8.35314682549804,negative
sp|Q65CR5|PURA_BACLD,4.093302307200576,7.549942857463852,8.617589533109841,8.728724578121662,8.734709620225807,negative
