nameseq,k-tsallis14.0,k-tsallis24.0,k-tsallis34.0,k-tsallis44.0,k-tsallis54.0,label
sp|Q81LS2_p|DNAK_BACAN,0.3331545312559486,0.3333330849458693,0.3333333270690683,0.3333333313184752,0.3333333318428996,positive
sp|Q81X78_p|ENO_BACAN,0.33318328370211503,0.3333331196911822,0.3333333255882818,0.33333332880364297,0.3333333290518415,positive
sp|P13243_p|ALF_BACSU,0.3331691881928898,0.33333296656056843,0.3333333072975452,0.33333331846947967,0.33333331831022545,positive
tr|Q8Y498_p|Q8Y498_LISMO,0.33315809188875906,0.3333329372879411,0.3333333125661052,0.33333331831022545,0.33333331814868805,positive
sp|P68905_p|ALF_STRP1,0.3331135063094662,0.33333296359212294,0.33333331394935817,0.33333331966596963,0.33333331952360234,positive
sp|P99136_p|G3P1_STAAN,0.3331829019673877,0.33333307276883833,0.33333331763727897,0.3333333231677319,0.3333333242244635,positive
tr|Q8CWN6_p|Q8CWN6_STRR6,0.3331951356295364,0.3333331189578921,0.33333331952246625,0.33333332594530163,0.3333333258826915,positive
sp|Q8Y3P9_p|CATA_LISMO,0.33325622799779275,0.33333324455567115,0.3333333286250793,0.3333333304115128,0.33333333039336493,positive
sp|Q9L4S1_p|CATA_STAAU,0.33325633800443777,0.33333324939574055,0.33333332940187427,0.33333333055144465,0.33333333068260285,positive
sp|P19669_p|TAL_BACSU,0.3331564753202836,0.3333329261933884,0.33333328294280673,0.3333332968209748,0.3333332962918184,positive
sp|Q81V33_p|TAL1_BACAN,0.33312026791458954,0.33333280343903393,0.3333332920380441,0.3333332983491965,0.33333329784943067,positive
tr|Q81Y15_p|Q81Y15_BACAN,0.3331921109376452,0.33333321649286535,0.3333333298866412,0.3333333320205009,0.33333333216007544,positive
tr|Q8Y7H4_p|Q8Y7H4_LISMO,0.3331952028787577,0.33333320914559816,0.3333333304175445,0.33333333208136867,0.3333333321738969,positive
sp|P99161_p|TKT_STAAN,0.3332057912450539,0.33333321724286036,0.33333333082824795,0.33333333211912325,0.33333333216329236,positive
sp|Q8Y6W0_p|PFKA_LISMO,0.3331363190399299,0.3333330310990763,0.3333333124381875,0.3333333218335712,0.3333333226686716,positive
sp|Q65EM9_p|PGK_BACLD,0.33314331660936647,0.33333301723635556,0.333333318849556,0.33333332655901926,0.3333333277139983,positive
sp|Q8Y4I2_p|PGK_LISMO,0.33314452940849193,0.3333328205539119,0.3333333190307529,0.3333333270591835,0.3333333277995705,positive
sp|P68897_p|PGK_STRP1,0.3331274757863506,0.3333330054426615,0.3333333168234011,0.3333333275413043,0.3333333278834139,positive
sp|Q8DN74_p|G6PI_STRR6,0.3332138451214137,0.33333320076823414,0.3333333273803018,0.33333332957604805,0.3333333295506611,positive
sp|Q8Y4I4_p|GPMI_LISMO,0.3332255332448117,0.33333315162205046,0.3333333262359195,0.3333333304930916,0.33333333076040794,positive
tr|Q926S7_p|Q926S7_LISIN,0.3331433673701705,0.3333326593508252,0.3333332710509502,0.3333332986075709,0.33333330025698993,positive
sp|Q81K75_p|G6PI_BACAN,0.3332040529268912,0.33333317024647124,0.3333333270112524,0.3333333291336491,0.33333332957604805,positive
sp|Q928R6_p|G6PI_LISIN,0.33320819536859214,0.3333331462816832,0.33333332631615453,0.33333332948431854,0.33333332957604805,positive
sp|Q928I1_p|TPIS1_LISIN,0.33308726799474564,0.33333289079466666,0.33333329093095504,0.3333333102460244,0.3333333112131926,positive
sp|P99133_p|TPIS_STAAN,0.3331791389919525,0.33333299328482857,0.3333332946178411,0.3333333072213333,0.3333333105279642,positive
sp|P69887_p|TPIS_STRP1,0.3330235560886511,0.3333326526629122,0.333333294592,0.33333331174193825,0.3333333114796974,positive
sp|Q92D19_p|PT1_LISIN,0.33318026454502214,0.33333315499674676,0.33333332918403474,0.3333333313458216,0.333333331514329,positive
sp|Q99V14_p|PT1_STAAN,0.3332031108759872,0.33333318419637215,0.33333332860932213,0.3333333314348621,0.333333331514329,positive
tr|Q99Z66_p|Q99Z66_STRP1,0.3331498884970756,0.33333308348015894,0.3333333291404762,0.3333333313558308,0.3333333315182425,positive
sp|Q820A6_p|ODPA_STAAN,0.3332092161061225,0.3333331815698867,0.3333333241001558,0.3333333263326656,0.3333333265344829,positive
sp|P99063_p|ODPB_STAAN,0.3331743948386494,0.3333330530540487,0.3333333178679733,0.33333332291508905,0.33333332325558174,positive
tr|Q65K42_p|Q65K42_BACLD,0.3331289746317495,0.33333297978698706,0.3333333237772761,0.33333332849033437,0.3333333290216193,positive
tr|Q8Y863_p|Q8Y863_LISMO,0.3331623769802996,0.3333330359610903,0.33333332389309844,0.33333332841867835,0.3333333290211582,positive
sp|P65636_p|ODP2_STAAN,0.3331600426972302,0.33333306257145096,0.3333333204197425,0.33333332826974227,0.3333333290216193,positive
tr|Q81MR4_p|Q81MR4_BACAN,0.33312760287677273,0.33333304290668153,0.3333333248560799,0.3333333296680048,0.3333333299403922,positive
tr|Q8Y862_p|Q8Y862_LISMO,0.3331489569551123,0.33333305354293086,0.3333333252554636,0.3333333293925062,0.33333332987335673,positive
sp|P99084_p|DLDH_STAAN,0.33314870279899345,0.333333027891622,0.33333332329588267,0.3333333296187966,0.3333333299965746,positive
tr|Q92BE5_p|Q92BE5_LISIN,0.3331707593735057,0.33333316852247263,0.333333329891063,0.33333333147976973,0.33333333163371914,positive
sp|Q7A559_p|KPYK_STAAN,0.3331881420091803,0.3333331749530536,0.33333332944671296,0.33333333152044353,0.33333333163371914,positive
tr|Q99ZD1_p|Q99ZD1_STRP1,0.33318774972799997,0.3333331242577397,0.33333332743688804,0.3333333303886272,0.33333333060162884,positive
sp|Q81ZF8_p|ROCA_BACAN,0.333198336634966,0.33333317091580345,0.33333332778402835,0.33333333078189753,0.3333333308351975,positive
sp|Q65DW5_p|GLYA_BACLD,0.33320335370482235,0.33333315663934415,0.3333333233541111,0.3333333280810792,0.33333332853209485,positive
sp|Q8Y4B2_p|GLYA_LISMO,0.33319281001627066,0.33333309788426563,0.33333332376590186,0.33333332816658356,0.333333328461316,positive
tr|Q65J79_p|Q65J79_BACLD,0.33323718173531003,0.3333332256918993,0.3333333276390737,0.3333333294467948,0.3333333294202354,positive
tr|Q92C54_p|Q92C54_LISIN,0.33321966678204007,0.3333331736584265,0.33333332549062605,0.3333333294467948,0.3333333294202354,positive
sp|P0C0B4_p|ARCA_STRP1,0.3332016631524778,0.3333331053829393,0.33333332386327524,0.33333332825699513,0.33333332838913915,positive
sp|O86132_p|OTCC_BACLD,0.33321978509615746,0.33333310592804066,0.33333332202918453,0.3333333242244635,0.3333333241416561,positive
sp|P0C0D0_p|OTCC_STRP1,0.3332019237240661,0.3333330956024966,0.33333331832672397,0.33333332438711805,0.3333333243062792,positive
tr|Q8Y9G8_p|Q8Y9G8_LISMO,0.3331962411578015,0.3333331856951857,0.33333332798302456,0.3333333297946267,0.3333333297711917,positive
sp|Q7A6H8_p|DHE2_STAAN,0.3332315834438077,0.33333319865393357,0.3333333238468831,0.333333328368549,0.333333328496878,positive
tr|Q8DQX6_p|Q8DQX6_STRR6,0.3332381452204005,0.3333332094885694,0.3333333274530976,0.33333332931265025,0.33333332952504485,positive
tr|A0A0H2UQJ7_p|A0A0H2UQJ7_STRPN,0.33320079009664993,0.33333318519218547,0.3333333268633892,0.33333332931265025,0.33333332952504485,positive
tr|Q81VX2_p|Q81VX2_BACAN,0.3331636749172437,0.33333305648385214,0.33333331103060715,0.3333333214685996,0.3333333213507389,positive
tr|Q8YAC3_p|Q8YAC3_LISMO,0.33314636367448264,0.33333300532387755,0.33333331478038813,0.3333333210456483,0.3333333214685996,positive
tr|Q65CX6_p|Q65CX6_BACLD,0.3331226804350573,0.3333329338974815,0.333333320248941,0.3333333269101214,0.33333332685818196,positive
tr|Q81KW3_p|Q81KW3_BACAN,0.3331590072329551,0.3333330180644749,0.3333333207419259,0.3333333267229893,0.3333333269101214,positive
sp|P99151_p|DHA1_STAAN,0.3331872698625371,0.33333308793935146,0.3333333215236044,0.33333332594383247,0.3333333266447323,positive
tr|Q81M66_p|Q81M66_BACAN,0.3331705881352769,0.3333330699367377,0.3333333161304435,0.3333333250206709,0.3333333260348552,positive
sp|Q92F65_p|LDH1_LISIN,0.33320829099294447,0.33333314590959956,0.3333333192587909,0.33333332214427175,0.33333332203528815,positive
sp|P0A3M9_p|LDH_STRPN,0.33315974589916514,0.33333307611375973,0.3333333168652694,0.3333333236231224,0.33333332353293527,positive
sp|Q65GI7_p|ILVC_BACLD,0.33314527362812735,0.33333297624165553,0.33333332066186944,0.3333333247771585,0.3333333247009912,positive
tr|Q65I20_p|Q65I20_BACLD,0.3330670083636779,0.3333312480240905,0.3333326627038561,0.3333328604993033,0.33333284419609316,positive
tr|Q92A74_p|Q92A74_LISMO,0.33298090634957367,0.33333137225016507,0.33333271174252976,0.33333284419609316,0.3333328271346777,positive
tr|Q65HV8_p|Q65HV8_BACLD,0.3330609112926828,0.3333324991892988,0.33333318586243565,0.33333321691705475,0.3333332144225042,positive
sp|Q65GJ3_p|TIG_BACLD,0.3329335556580507,0.3333325618861847,0.33333331964848695,0.33333332797485177,0.33333332883417915,positive
sp|Q81LB8_p|TIG_BACAN,0.33300584679206424,0.3333328345412273,0.333333323515199,0.33333332845639885,0.3333333288661635,positive
sp|P0C0E1_p|TIG_STRP1,0.3331362913683606,0.33333296141257424,0.33333332302438906,0.33333332852714,0.3333333287834662,positive
sp|Q8Y421_p|EFG_LISMO,0.33321311197022174,0.33333324104682505,0.33333333091830486,0.33333333224601686,0.3333333323230467,positive
sp|P68789_p|EFG_STAAN,0.33322119288775287,0.3333332564711067,0.3333333310510505,0.33333333219512085,0.3333333322935157,positive
sp|P64022_p|EFG_STRPN,0.3332247818253014,0.33333323676276894,0.333333330542252,0.33333333223629646,0.33333333231422324,positive
sp|Q81WK9_p|EFTS_BACAN,0.3331067623277598,0.33333286816821106,0.3333333105836032,0.3333333180191512,0.33333331980638664,positive
sp|Q8Y6M7_p|EFTS_LISMO,0.33314750758552514,0.33333272885988796,0.33333330903238567,0.3333333178540438,0.33333331966596963,positive
sp|P99171_p|EFTS_STAAN,0.3331199381059282,0.33333286088623115,0.333333306418893,0.3333333183463621,0.33333331952360234,positive
sp|Q99XQ7_p|EFTS_STRP1,0.3329559909335853,0.3333324720564792,0.3333333027217394,0.3333333227129338,0.33333332431811924,positive
sp|P0C0H3_p|DBH_STRP1,0.33256471945593474,0.33332976680384085,0.33333278612091655,0.33333284419609316,0.3333328271346777,positive
sp|P69952_p|EFTU_STRP1,0.3332097477009822,0.3333331530773319,0.3333333225435911,0.33333332715790753,0.3333333278834139,positive
sp|Q65MZ9_p|CH10_BACLD,0.3330562148085773,0.3333308156830789,0.3333327749805544,0.33333289099500907,0.3333328760859625,positive
sp|Q9AGE7_p|CH10_LISMO,0.333110999810575,0.33332981753501334,0.3333329052628695,0.33333289099500907,0.3333328760859625,positive
sp|P63770_p|CH10_STRP1,0.3328891644261992,0.3333301534927857,0.3333327526942847,0.3333328565393913,0.3333329052628695,positive
sp|P99083_p|CH60_STAAN,0.3331557278639613,0.33333312180091884,0.3333333273402062,0.3333333309286876,0.33333333114428687,positive
sp|P69883_p|CH60_STRP1,0.3331211201351893,0.33333300623151174,0.3333333266831786,0.333333330887154,0.33333333120464315,positive
tr|Q8Y4I1_p|Q8Y4I1_LISMO,0.3331745248976061,0.33333294223515736,0.333333315548043,0.3333333243062792,0.3333333242244635,positive
sp|P99110_p|DNAK_STAAN,0.33319390429227086,0.33333311996786286,0.3333333268008998,0.33333333167102086,0.333333331835509,positive
sp|Q81JK8_p|SODM2_BACAN,0.333220009804718,0.3333329671460472,0.33333328224532804,0.3333332946416912,0.3333332940699027,positive
sp|P28764_p|SODM_LISMO,0.3332140388350031,0.33333278745799466,0.3333332695833333,0.33333328805962764,0.33333329039124365,positive
sp|P99098_p|SODM1_STAAN,0.3332071640177464,0.3333330045444043,0.33333328043868404,0.33333328906323045,0.3333332883786533,positive
sp|P0A355_p|CSPA_LISMO,0.3330473038816807,0.33332909445280856,0.33333178361256915,0.33333200025061954,0.33333193470063666,positive
tr|Q81L72_p|Q81L72_BACAN,0.3331311335485452,0.33333305069469366,0.333333318296716,0.33333332334918253,0.33333332325558174,positive
tr|A0A0H2UNG6_p|A0A0H2UNG6_STRPN,0.33322753552168477,0.33333320535991445,0.33333332818887657,0.3333333300483221,0.3333333301227409,positive
tr|Q8DN84_p|Q8DN84_STRR6,0.3332031090978287,0.33333314602875463,0.33333332089407186,0.3333333254917734,0.3333333254239793,positive
sp|Q8RP81_p|ENO_STRAG,0.33316547086004866,0.33333310105487557,0.33333332523440967,0.33333332889274925,0.333333329255687,positive
sp|A0R3B8_p|ENO_MYCS2,0.3330774451608574,0.33333295270817503,0.3333333235352386,0.3333333286715321,0.3333333289292285,positive
sp|Q88YH3_p|ENO1_LACPL,0.3331983457739009,0.33333314158861976,0.333333325364843,0.3333333290164954,0.3333333292395888,positive
sp|P9WQA3_p|ALF_MYCTU,0.3331572990059082,0.3333329256400373,0.3333333118430121,0.3333333242365553,0.3333333248524323,positive
tr|A0QY23_p|A0QY23_MYCS2,0.33318485517042257,0.3333329906452696,0.3333333123386629,0.3333333202162658,0.33333332008150246,positive
tr|F9UTT2_p|F9UTT2_LACPL,0.3331839053337923,0.33333298478387385,0.3333333132752324,0.3333333187812985,0.3333333186264909,positive
tr|Q9CED4_p|Q9CED4_LACLA,0.3331431084554314,0.33333289014997614,0.3333333144012507,0.33333332034920804,0.3333333202162658,positive
sp|A0QWW2_p|G3P_MYCS2,0.33314466990337754,0.3333328754644017,0.33333331647728065,0.33333332426210166,0.33333332454592285,positive
tr|F9UM10_p|F9UM10_LACPL,0.3331990545790879,0.33333316824206594,0.33333332005280697,0.3333333246239172,0.33333332454592285,positive
sp|P52987_p|G3P_LACLA,0.33317697949100245,0.333333090005753,0.3333333196500582,0.333333324012127,0.3333333243062792,positive
sp|P9WIE5_p|KATG_MYCTU,0.33319752467904307,0.33333315272198466,0.3333333307533008,0.3333333324057521,0.33333333249725816,positive
sp|A0QXX7_p|KATG2_MYCS2,0.3332145260397558,0.33333321554680817,0.3333333311915452,0.33333333240600294,0.3333333325087089,positive
tr|A0QWY0_p|A0QWY0_MYCS2,0.3331964256061384,0.3333331963600569,0.3333333307813148,0.33333333221036676,0.33333333232742024,positive
sp|P0DOB5_p|PFKA_LACLA,0.33310205322613473,0.3333328299829059,0.33333331663051746,0.33333332426210166,0.33333332454592285,positive
sp|Q88YH5_p|PGK_LACPL,0.3331633867447916,0.33333302840746953,0.3333333207661603,0.33333332744243893,0.33333332796557213,positive
sp|Q9CIM0_p|GPMA_LACLA,0.3331986644488689,0.3333329897622462,0.3333332948186152,0.33333330593682364,0.3333333055763478,positive
sp|Q88UI4_p|G6PI_LACPL,0.3332321242412234,0.3333332133699674,0.33333332730915155,0.3333333296012084,0.33333332957604805,positive
sp|Q88YH4_p|TPIS_LACPL,0.33314200554634354,0.33333302486911903,0.33333330483199997,0.33333331174193825,0.3333333114796974,positive
tr|A0R1D2_p|A0R1D2_MYCS2,0.33309732707765166,0.3333329478297158,0.33333332152128325,0.33333332824045137,0.3333333282023502,positive
sp|Q07637_p|KPYK_LACLA,0.33320254739333816,0.33333317796666706,0.33333332759466666,0.33333333057533543,0.33333333063440895,positive
sp|A0R1C2_p|DHE2_MYCS2,0.3331387655801995,0.33333317526609374,0.33333333215017913,0.3333333332110265,0.33333333324821746,positive
tr|Q8E736_p|Q8E736_STRA3,0.3331276821914923,0.33333297252668453,0.3333333112827017,0.3333333205063768,0.3333333214685996,positive
tr|Q9CI26_p|Q9CI26_LACLA,0.3330951148196233,0.3333330252148003,0.3333333141463968,0.33333332128768234,0.33333332169972424,positive
sp|P9WQB1_p|DHA_MYCTU,0.33302522794904954,0.3333327061015569,0.3333333185003937,0.33333332562690177,0.3333333263326656,positive
sp|Q88VJ2_p|LDHD_LACPL,0.3332015165190069,0.333333112094384,0.33333331776175085,0.33333332397300564,0.33333332388713166,positive
sp|A0QUX8_p|ILVC_MYCS2,0.33317698166189547,0.33333313028138434,0.33333332076165884,0.33333332438711805,0.3333333243062792,positive
sp|Q9ZHC5_p|DBH_MYCS2,0.33051917368825623,0.33326254662582877,0.33331546808001733,0.33332303588307716,0.3333275296593799,positive
sp|P9WHW3_p|PPIA_MYCTU,0.33316960192413864,0.33333280069972016,0.3333332336280038,0.333333270668494,0.33333327422907955,positive
tr|A0R409_p|A0R409_MYCS2,0.33307104873971194,0.33333197196764197,0.33333303417578575,0.3333331003061456,0.33333311978077546,positive
sp|P9WG55_p|TIG_MYCTU,0.33311352204236594,0.3333329881808619,0.3333333241716294,0.33333332987335673,0.3333333299530522,positive
sp|A0R199_p|TIG_MYCS2,0.3331021103767029,0.3333329017855482,0.3333333241875326,0.3333333299403922,0.3333333300180558,positive
sp|Q88VE1_p|TIG_LACPL,0.33310845334093186,0.33333291381028235,0.33333332074416316,0.33333332895520473,0.3333333291824043,positive
sp|A0QVB9_p|EFTS_MYCS2,0.33282046333082893,0.33333191789230276,0.33333329414639457,0.33333331591650134,0.33333331658502785,positive
sp|Q88VJ5_p|EFTS_LACPL,0.3330697234396196,0.33333237905605323,0.3333333071296981,0.33333331952360234,0.3333333193792509,positive
sp|Q9CDR5_p|EFTS_LACLA,0.3329213173870729,0.33333216606140703,0.33333329751399843,0.33333332371710145,0.3333333247009912,positive
sp|P9WNN1_p|EFTU_MYCTU,0.33317745493042905,0.333333036762277,0.333333320109671,0.333333327254814,0.3333333277995705,positive
sp|Q88VE0_p|EFTU_LACPL,0.3331799124936351,0.3333331197628876,0.3333333230347845,0.33333332740430166,0.33333332775700325,positive
sp|Q88VL9_p|GRPE_LACPL,0.3329546102833326,0.3333316637969379,0.3333332587496647,0.33333328590108025,0.3333332883786533,positive
sp|Q9CGY9_p|GRPE_LACLA,0.33284565769595237,0.3333295055027866,0.3333332399394629,0.3333332721911783,0.3333332711370262,positive
sp|P9WPE5_p|CH10_MYCTU,0.3331337133333333,0.33333182385381754,0.3333329791725103,0.3333329681057728,0.3333329565731096,positive
sp|A0QQU5_p|CH601_MYCS2,0.3330491438523022,0.33333288786996107,0.33333332610210575,0.33333333096993956,0.33333333112465124,positive
sp|Q88YM5_p|CH60_LACPL,0.33316620638911126,0.33333317561748776,0.33333332812416394,0.33333333096993956,0.33333333112465124,positive
sp|P0A3J2_p|DNAK_STRA3,0.3331657953475837,0.3333330982632972,0.33333332836603935,0.333333331662493,0.3333333318280695,positive
sp|P9WMJ9_p|DNAK_MYCTU,0.33317963356351143,0.33333311140083777,0.3333333289322322,0.3333333317610822,0.33333333194144643,positive
sp|P0A4J3_p|SODM_STRA3,0.333144334926533,0.3333327625433702,0.3333332770833333,0.3333332910353642,0.33333329039124365,positive
sp|P9WP74_p|CSPA_MYCTO,0.3331219803272152,0.3333293280075148,0.33333185812821675,0.3333320617675781,0.33333200025061954,positive
sp|P71478_p|CSP1_LACPL,0.33314455600330883,0.33333107384195226,0.3333320617675781,0.33333200025061954,0.33333193470063666,positive
tr|I7FZT6_p|I7FZT6_MYCS2,0.33287192378013153,0.3333324761702185,0.33333330799374117,0.33333332077273176,0.3333333220864032,positive
tr|A0QR00_p|A0QR00_MYCS2,0.3331441055596407,0.33333268399443194,0.33333329826996627,0.33333331038721303,0.3333333101027602,positive
sp|Q88YY8_p|GPMA1_LACPL,0.33322459842910124,0.33333305476457564,0.333333293839716,0.3333333028670258,0.33333330245158177,positive
tr|A0QU52_p|A0QU52_MYCS2,0.33294583647012077,0.33333221214310116,0.33333330803653866,0.33333332118482295,0.33333332348394007,positive
nameseq,k-tsallis14.0,k-tsallis24.0,k-tsallis34.0,k-tsallis44.0,k-tsallis54.0,label
sp|P14507|AACA_STAAM,0.3331578009980939,0.33333308537467077,0.33333332719715275,0.33333332969720697,0.33333333022306455,negative
sp|Q9K9H0|ACEA_BACHD,0.3331704473655426,0.3333330877275765,0.3333333213896704,0.33333332852714,0.3333333289292285,negative
sp|Q59331|ACKA_CLOTS,0.3332025080208333,0.33333315550704024,0.33333332403415666,0.33333332763030343,0.33333332796557213,negative
sp|P47599|ACKA_MYCGE,0.3332071964140735,0.3333331225986089,0.3333333253610353,0.3333333277139983,0.33333332767055,negative
sp|P13131|AGRA_STAAN,0.33321852212557423,0.333333044370031,0.3333333049649452,0.33333330764859426,0.33333330731789346,negative
sp|P50846|ALKH_BACSU,0.3331922156043779,0.3333324833440749,0.33333325944064385,0.33333328696656594,0.3333332862383053,negative
sp|Q10730|AMPN_LACHE,0.33321841273791286,0.3333332613991735,0.3333333319273951,0.33333333270764165,0.333333332770939,negative
sp|Q9KDH2|APT_BACHD,0.3331771547388848,0.3333328017305029,0.33333322095964885,0.3333332630340496,0.33333326176361106,negative
sp|O31060|APT_BUTFI,0.3331617303002591,0.33333278038918124,0.3333332436808136,0.3333332732216422,0.3333332721911783,negative
sp|Q97GU0|APT_CLOAB,0.33312520420170694,0.33333225150764134,0.33333323754903954,0.3333332642745963,0.3333332630340496,negative
sp|Q925X9|APT_LISMO,0.33313495806075766,0.3333322532153816,0.3333332393801831,0.33333326548612524,0.3333332642745963,negative
sp|Q9RFQ2|APT_MYCFE,0.33310561623734175,0.33333257504100766,0.3333332356703857,0.3333332630340496,0.33333326176361106,negative
sp|Q7NBS4|APT_MYCGA,0.333138820570127,0.33333274478214275,0.3333332527368562,0.3333332711370262,0.33333327005850133,negative
sp|P47518|APT_MYCGE,0.3331413110298227,0.3333325881737156,0.3333332695804304,0.3333332732216422,0.3333332721911783,negative
sp|Q8EUA8|APT_MYCPE,0.33312050591713294,0.3333326460329027,0.3333332319616224,0.3333332585537542,0.3333332630340496,negative
sp|Q8E4W5|APT_STRA3,0.33316698145782686,0.3333327115272149,0.33333325431129096,0.3333332642745963,0.3333332630340496,negative
sp|Q8RAL9|APT_THETN,0.33311760714136807,0.3333327148172707,0.3333332448380425,0.33333326548612524,0.3333332642745963,negative
sp|Q9PQ02|APT_UREPA,0.33314640774736554,0.3333327072000778,0.33333321754874573,0.33333325431129096,0.3333332642745963,negative
sp|P17893|ARGR_BACSU,0.33320662816702395,0.33333288313188314,0.33333320840888075,0.3333332159551713,0.33333322399442367,negative
sp|P26900|ASG1_BACSU,0.3332305554846648,0.3333331259776865,0.33333331744478434,0.33333332371220636,0.3333333236231224,negative
sp|P54264|ASNA_LACDE,0.3332097021047431,0.333333182446773,0.3333333202622164,0.3333333239267634,0.3333333242244635,negative
sp|P30363|ASPG_BACLI,0.33321479082921623,0.3333330860359841,0.3333333191553751,0.33333332306484065,0.33333332296766316,negative
sp|P11540|BARS_BACAM,0.3331031800410189,0.33333198820592286,0.3333328271346777,0.33333280927046255,0.3333327905556686,negative
sp|Q97II1|BUK2_CLOAB,0.3331854795184289,0.33333303293604755,0.3333333207676126,0.33333332515424496,0.33333332538659016,negative
sp|Q08841|CH10_STAAM,0.33307262640050994,0.33333049484977206,0.33333284012171194,0.33333289099500907,0.3333328760859625,negative
sp|Q60023|CH10_THEBR,0.3329286876881228,0.33332908674803685,0.3333326446982393,0.3333328229429592,0.3333328760859625,negative
sp|Q9KA55|CHEB_BACHD,0.3331898078852998,0.3333330615034878,0.3333333199556383,0.3333333250730226,0.3333333250003516,negative
sp|Q05522|CHEB_BACSU,0.3331907934264826,0.333333054414383,0.33333332101353963,0.3333333258193719,0.3333333257553328,negative
sp|Q8EQW0|CHEB_OCEIH,0.33321468337725396,0.333333081244078,0.33333331947244205,0.3333333254917734,0.3333333254239793,negative
sp|P39802|CHEW_BACSU,0.33309366621877684,0.33333244918090654,0.333333225471636,0.33333324026446076,0.33333323841546386,negative
sp|P24072|CHEY_BACSU,0.33309520736893183,0.33333210575581046,0.3333330754024767,0.33333311978077546,0.33333311416125583,negative
sp|P19080|CHMU_BACSU,0.33314923446760525,0.33333203992570026,0.33333310532266663,0.3333331585042462,0.3333331542053605,negative
sp|O53079|CILA_LEUMC,0.3331991702240581,0.3333331855815553,0.3333333289875644,0.3333333308056341,0.3333333307906773,negative
sp|O53078|CILB_LEUMC,0.33319900658619445,0.3333331073492084,0.3333333108641975,0.3333333196956141,0.3333333207374116,negative
sp|O53077|CILG_LEUMC,0.3331054576922032,0.3333310570736481,0.33333277266646716,0.33333293200928504,0.3333329189236454,negative
sp|P39127|CITR_BACSU,0.33323169650054835,0.33333314686965804,0.33333331850618453,0.3333333205063768,0.3333333214685996,negative
sp|P39779|CODY_BACSU,0.3331596632914803,0.3333330421374703,0.3333333091189464,0.33333331323045684,0.3333333129920853,negative
sp|Q9CJ45|CODY_LACLA,0.333203942947747,0.33333284121370943,0.3333332964240281,0.3333333120734153,0.33333331392359733,negative
sp|O32221|COPZ_BACSU,0.3328701808521103,0.33332931114130976,0.3333322250409791,0.33333217389691217,0.3333321195569716,negative
sp|P77985|CYSE_STAXY,0.3331922838609436,0.3333328336649798,0.33333327929492246,0.33333329430523645,0.33333329603892337,negative
sp|P39121|DEOC_BACSU,0.3330728998182506,0.3333325102880658,0.33333325000129976,0.3333332913054606,0.33333329575238724,negative
sp|P47722|DEOC_MYCPI,0.3331054171504678,0.33333210752855236,0.3333332825628599,0.33333330071216255,0.33333330025698993,negative
sp|Q99040|DEXB_STRMU,0.3332513535174808,0.33333325829292587,0.3333333297669093,0.33333333107412,0.33333333111950547,negative
sp|P39071|DHBA_BACSU,0.33312676039260675,0.3333329718263833,0.3333333110363461,0.33333331392359733,0.33333331369614183,negative
sp|P35484|DLDH_ACHLA,0.33311704984563345,0.3333328988297971,0.3333333170480073,0.33333332354724765,0.3333333238403545,negative
sp|P47513|DLDH_MYCGE,0.333206141705064,0.33333313770014167,0.3333333267303401,0.3333333297711917,0.3333333297475492,negative
sp|P13267|DPO3_BACSU,0.3332366622649984,0.3333332809604652,0.3333333329542031,0.33333333320263603,0.33333333321562997,negative
sp|P39043|DPP6_BACSH,0.3332251994133789,0.33333300529441023,0.3333333117524447,0.33333331601626526,0.3333333158209618,negative
sp|P23081|EFG_BACST,0.33305856283071655,0.3333299653344664,0.3333322049340387,0.3333325739903776,0.33333254320987654,negative
sp|Q7NAV3|EFG_MYCGA,0.3332309269064594,0.3333332591254381,0.333333331244043,0.33333333229805995,0.33333333231422324,negative
sp|Q9K951|EFP_BACHD,0.33317688458995787,0.33333280522466324,0.33333325397625907,0.33333327378778965,0.33333327711952343,negative
sp|Q97HB8|EFP_CLOAB,0.333190176509251,0.3333328219578432,0.333333275753203,0.3333332789425296,0.3333332780410428,negative
sp|P47272|EFP_MYCGE,0.3331735448111458,0.3333326632653026,0.33333324954626475,0.3333332747261595,0.3333332815321223,negative
sp|Q8EWP5|EFP_MYCPE,0.33317363784897003,0.33333261232879974,0.3333332464409794,0.33333327670354895,0.3333332798245253,negative
sp|Q98Q55|EFP_MYCPU,0.3331556868117822,0.33333262092743166,0.33333326475153413,0.3333332798245253,0.3333332789425296,negative
sp|Q8E3L8|EFP_STRA3,0.33318433466945696,0.33333258803983934,0.333333263539236,0.3333332789425296,0.3333332780410428,negative
sp|Q9PQJ3|EFP_UREPA,0.3332187526491657,0.3333328162272463,0.3333332698350747,0.33333328068755386,0.3333332798245253,negative
sp|Q97I65|EFTS_CLOAB,0.3331164824801135,0.333332899412418,0.33333331077472783,0.3333333213507389,0.33333332123131193,negative
sp|Q831V0|EFTS_ENTFA,0.33307343213974316,0.33333267684094114,0.3333333008407707,0.33333331768655833,0.33333331952360234,negative
sp|Q7NC21|EFTS_MYCGA,0.33314280904390636,0.3333329808424855,0.33333331108852066,0.33333331684766837,0.3333333193792509,negative
sp|P47246|EFTS_MYCGE,0.3330838693283512,0.3333325673908255,0.3333333003324554,0.33333331911681646,0.3333333202162658,negative
sp|P61335|EFTS_MYCMS,0.3331293086671264,0.33333289502696833,0.3333333102217785,0.3333333193029749,0.33333331980638664,negative
sp|Q8EUG8|EFTS_MYCPE,0.33308280899554654,0.3333326594496697,0.33333330844930564,0.33333331885461887,0.3333333193792509,negative
sp|Q98Q37|EFTS_MYCPU,0.3330987283345333,0.3333326754907398,0.333333304814108,0.3333333185048247,0.33333331966596963,negative
sp|P61337|EFTS_ONYPE,0.3331669735195479,0.33333298326009214,0.3333333102409653,0.3333333164893108,0.3333333171291534,negative
sp|P19216|EFTS_SPICI,0.33318409528692106,0.333333089187764,0.3333333114715541,0.33333331881511585,0.3333333199448867,negative
sp|Q8RA22|EFTS_THETN,0.33305239499999995,0.3333319570551916,0.3333332400752598,0.3333332897339781,0.33333328906323045,negative
sp|Q9PPX5|EFTS_UREPA,0.3331029495824596,0.3333326588253702,0.3333333040414127,0.33333331870092753,0.3333333192328807,negative
sp|P37454|EXOA_BACSU,0.3332386585065394,0.33333304334505887,0.3333333024426667,0.3333333105279642,0.3333333114796974,negative
sp|P21998|EXOA_STRPN,0.33322466088746217,0.3333330747761266,0.3333333021878184,0.3333333142113569,0.33333331658502785,negative
sp|Q03377|FOB2_STAEP,0.33315999780456007,0.3333324179105057,0.33333315071104275,0.333333200819255,0.3333331978526308,negative
sp|P07343|FUMC_BACSU,0.33321046851442726,0.33333311182786507,0.33333332655865294,0.3333333296760638,0.3333333298637101,negative
sp|P47543|G3P_MYCGE,0.33317284414649784,0.3333330779753696,0.33333331779739034,0.3333333232621448,0.3333333243062792,negative
sp|P81181|G6PI_LACLA,0.3332079060733262,0.33333318225002856,0.3333333272895581,0.33333332952504485,0.33333332949919686,negative
sp|Q59111|GCTA_ACIFE,0.3332188454667343,0.33333310776591973,0.3333333168614885,0.33333332230158474,0.3333333226686716,negative
sp|Q59112|GCTB_ACIFE,0.3332337042908622,0.3333330983717858,0.3333333072064853,0.3333333147990895,0.33333331458523496,negative
sp|P54495|GLK_BACSU,0.3330728199077182,0.3333324508031209,0.3333333090301611,0.33333332205496263,0.3333333224071196,negative
sp|Q56198|GLK_STAXY,0.33317341898811725,0.33333300766180934,0.33333331792772514,0.3333333227865504,0.33333332353293527,negative
sp|P10656|GLNA_CLOSA,0.33322809740887943,0.3333331994483642,0.3333333270849074,0.33333332929572773,0.33333332939343346,negative
sp|P45627|GLNA_LACDE,0.33321973501924057,0.3333331829745576,0.333333327196984,0.3333333292285756,0.3333333294467948,negative
sp|P18158|GLPD_BACSU,0.3332233489011883,0.3333331920980592,0.3333333296585064,0.3333333313515256,0.33333333134071574,negative
sp|O86963|GLPO_ENTCA,0.33320627259285707,0.33333318174861065,0.3333333298532399,0.3333333316190742,0.33333333178551683,negative
sp|P47634|GLYA_MYCGE,0.3332163863105921,0.3333331726521051,0.3333333263512105,0.33333332824045137,0.3333333282023502,negative
sp|Q60151|GSHR_STRTR,0.3331946822740436,0.33333316089675924,0.33333332538935734,0.33333332901675927,0.33333332945810634,negative
sp|P54304|HEMN_BACSU,0.33322926529838903,0.333333086688949,0.33333331643424724,0.33333332609574967,0.33333332630660706,negative
sp|P32396|HEMZ_BACSU,0.3332189072040592,0.3333331660564508,0.3333333188134895,0.3333333218130378,0.33333332169972424,negative
sp|P37472|HPRT_BACSU,0.3331670959711426,0.33333271999715997,0.33333324168853534,0.3333332637124481,0.33333326732759777,negative
sp|Q02522|HPRT_LACLA,0.33307909318105366,0.333332697775796,0.33333325537937597,0.33333327617741193,0.33333327521413003,negative
sp|P47696|HPRT_MYCGE,0.33314138237956403,0.3333326940393415,0.33333324811563203,0.33333326782547446,0.3333332666694799,negative
sp|P61689|IF1_LACJO,0.3331798144352204,0.3333302572333994,0.33333221836052485,0.33333236151603496,0.33333231864778945,negative
sp|Q9R6P8|IF1_MYCGA,0.3330615576842982,0.3333291128296943,0.33333183670374317,0.3333322250409791,0.33333217389691217,negative
sp|Q8EUD5|IF1_MYCPE,0.33307005390914746,0.3333282306930685,0.33333197278911564,0.33333231864778945,0.33333227322070696,negative
sp|Q50298|IF1_MYCPN,0.3330905852652679,0.3333297395238153,0.33333243411141206,0.33333254320987654,0.3333325107430294,negative
sp|Q98Q04|IF1_MYCPU,0.3330254752673627,0.3333290702020067,0.33333236151603496,0.33333231864778945,0.33333227322070696,negative
sp|P38037|IF1_MYCSP,0.33306462429507694,0.3333306078967331,0.33333276637880493,0.3333328271346777,0.33333280927046255,negative
sp|P61692|IF1_ONYPE,0.3330682880321276,0.33332679999624115,0.33333229423244654,0.33333254320987654,0.3333325107430294,negative
sp|Q9PQN8|IF1_UREPA,0.33318933556579894,0.3333313261667627,0.33333244027206216,0.33333240200310504,0.33333236151603496,negative
sp|P04766|IF2_BACST,0.33315699247257674,0.33333306301904336,0.3333333289689586,0.33333333221187317,0.333333332437387,negative
sp|Q97I51|IF2_CLOAB,0.3331525356889983,0.3333330799013786,0.3333333281327696,0.33333333213335736,0.33333333231422324,negative
sp|Q835U8|IF2_ENTFA,0.3332189521039727,0.3333331135668891,0.33333331927995263,0.3333333306488464,0.3333333320887309,negative
sp|Q9X764|IF2_LACLC,0.3332016496464371,0.3333331958507551,0.3333333318071303,0.33333333288281924,0.3333333329395971,negative
sp|Q88VK7|IF2_LACPL,0.3331806970399036,0.333332045649632,0.3333332736079757,0.33333332744820154,0.33333333223287964,negative
sp|Q92C29|IF2_LISIN,0.333208430101705,0.3333332169474045,0.3333333300031569,0.33333333236027834,0.3333333326000102,negative
sp|Q7NBZ4|IF2_MYCGA,0.33317618576670593,0.33333318369614007,0.3333333293272619,0.33333333156072864,0.333333331838496,negative
sp|P47388|IF2_MYCGE,0.3331822156738877,0.33333315839644934,0.33333332956814443,0.33333333171281504,0.3333333318676879,negative
sp|Q8CST4|IF2_STAEP,0.3331946487818247,0.33333316565055654,0.33333332792755493,0.3333333320228917,0.33333333238970797,negative
sp|Q97S57|IF2_STRPN,0.3331451560052051,0.33333307900781894,0.3333333294559862,0.33333333259316217,0.3333333328053514,negative
sp|Q8RA37|IF2_THETN,0.3331134815962688,0.33333307107118737,0.3333333295727151,0.33333333177003954,0.33333333233569107,negative
sp|Q9PQH1|IF2_UREPA,0.3331666484809421,0.33333316005716973,0.3333333297596103,0.33333333173804297,0.33333333186478165,negative
sp|Q97GK5|IF3_CLOAB,0.33304028672497565,0.3333323849381509,0.33333324290581623,0.3333332624934394,0.3333332666694799,negative
sp|Q8XJ67|IF3_CLOPE,0.33305580920227007,0.3333320590752389,0.33333324128279884,0.33333327005850133,0.33333326895489523,negative
sp|Q88WU8|IF3_LACPL,0.33315264166409897,0.333332755188393,0.3333332393801831,0.3333332598987081,0.3333332642745963,negative
sp|Q05426|IF3_MYCFE,0.33311373460629334,0.33333282932737923,0.33333325174867123,0.3333332968209748,0.3333332962918184,negative
sp|P78024|IF3_MYCPN,0.3331796094874525,0.3333328275,0.33333327020520853,0.3333332873549343,0.3333332897339781,negative
sp|Q98QV2|IF3_MYCPU,0.3328257659931645,0.3333316703033151,0.3333332366180123,0.33333328906323045,0.3333332883786533,negative
sp|Q99TI1|IF3_STAAM,0.33303557970845477,0.33333264676504176,0.33333325853526363,0.33333326782547446,0.3333332666694799,negative
sp|Q97R70|IF3_STRPN,0.3331017030020366,0.3333326772688181,0.3333332581373042,0.33333327378778965,0.33333327711952343,negative
sp|Q8R9C2|IF3_THETN,0.3331436607732561,0.33333276090788405,0.33333326028313204,0.3333332732216422,0.3333332721911783,negative
sp|Q9PQR4|IF3_UREPA,0.3331007534461512,0.33333266463322125,0.33333324300969525,0.33333326616132164,0.33333327005850133,negative
sp|P39804|IPI_BACSU,0.33308424662977587,0.33333200947522046,0.3333331003061456,0.33333311978077546,0.33333311416125583,negative
sp|P19514|IPYR_BACP3,0.3332041378632163,0.3333328011610599,0.33333323460339753,0.33333324651463103,0.33333325195312496,negative
sp|P11018|ISP1_BACSU,0.33317301766693197,0.33333296831831927,0.3333333168614885,0.33333332230158474,0.3333333226686716,negative
sp|Q08291|ISPA_BACST,0.33305956755664934,0.3333328140037284,0.3333333129548587,0.33333331959164353,0.33333332008150246,negative
sp|P54383|ISPA_BACSU,0.33316753897761303,0.3333329571453804,0.3333333067389732,0.33333331531742927,0.33333331601626526,negative
sp|P00512|K6PF_BACST,0.333102035343507,0.3333330040440252,0.3333333154750807,0.3333333227695983,0.3333333226686716,negative
sp|P80019|K6PF_LACDE,0.3331500472742264,0.3333330376835586,0.33333331778576036,0.3333333227695983,0.3333333226686716,negative
sp|P38372|KAD_BACHD,0.33319906835265184,0.33333304115896684,0.33333329324130495,0.33333329932092176,0.33333329883962115,negative
sp|P58117|KAD_LACLA,0.33320748071229256,0.3333329207341728,0.3333332748721592,0.3333332983491965,0.33333329784943067,negative
sp|P10251|KAD_MYCCA,0.3331386480688917,0.3333328735889696,0.33333328372313764,0.3333332925410023,0.3333332943751709,negative
sp|O52352|KAD_MYCGA,0.33321888824384405,0.33333311001488697,0.33333329603892337,0.33333329784943067,0.33333329734010003,negative
sp|P47417|KAD_MYCGE,0.33319802019893746,0.3333327365759188,0.3333332891081038,0.33333329784943067,0.33333329734010003,negative
sp|Q50299|KAD_MYCPN,0.33309680331398833,0.3333328177433192,0.33333328977085175,0.3333332983491965,0.33333329784943067,negative
sp|Q9PQP0|KAD_UREPA,0.3331888534240249,0.33333290527271614,0.3333332931406663,0.33333329734010003,0.3333332968209748,negative
sp|P00553|KKA4_BACCI,0.3330953718942876,0.33333285716036776,0.333333295402822,0.3333333110363461,0.3333333128703559,negative
sp|P00345|LDH_BACME,0.3332232754718391,0.33333316052750644,0.3333333180894626,0.33333332219468664,0.3333333225664551,negative
sp|P13714|LDH_BACSU,0.3332042940775553,0.3333330538951371,0.33333331403623667,0.3333333214828478,0.3333333218335712,negative
sp|O32765|LDH_LACHE,0.33320779806621015,0.3333331373091063,0.3333333179812445,0.3333333222707112,0.33333332306484065,negative
sp|P12010|LEU3_BACCO,0.333171400988005,0.33333308736504724,0.3333333192064569,0.33333332582698,0.33333332630660706,negative
sp|P41019|LEU3_BACME,0.33319702708080395,0.3333330977513072,0.33333332069405286,0.33333332615596867,0.3333333263645194,negative
sp|P05645|LEU3_BACSU,0.33317254112088607,0.33333307479630453,0.33333332164185203,0.3333333260348552,0.33333332624805134,negative
sp|P31958|LEU3_CLOPA,0.3331926640704621,0.33333311688060624,0.3333333205937852,0.3333333258193719,0.3333333257553328,negative
sp|Q02143|LEU3_LACLA,0.33318751538553715,0.3333330561151196,0.3333333178000959,0.33333332431811924,0.33333332492682577,negative
sp|P36772|LON_BRECH,0.3331597402102754,0.33333315682627085,0.3333333304297226,0.3333333325299121,0.33333333261723336,negative
sp|P47481|LON_MYCGE,0.3331871035590056,0.3333332091163101,0.33333333149155464,0.3333333326149208,0.3333333326598152,negative
sp|P60611|LYTR_STAAU,0.33319282345825796,0.33333304070686914,0.3333333051208903,0.3333333101027602,0.3333333098135862,negative
sp|P29851|MALQ_STRPN,0.33324261107418435,0.3333332544791103,0.33333332884990785,0.3333333306249285,0.33333333068260285,negative
sp|Q9RAS9|METC_LACLA,0.33317501023114715,0.33333308158130626,0.33333332236145913,0.33333332688139655,0.33333332706264507,negative
sp|P54419|METK_BACSU,0.333220041953125,0.3333331965671458,0.3333333248843671,0.33333332800603244,0.33333332796557213,negative
sp|P47293|METK_MYCGE,0.33322520943080575,0.33333315794593177,0.3333333228769787,0.33333332703478336,0.3333333272103777,negative
sp|Q98PM0|METK_MYCPU,0.3331924917072042,0.3333331004681481,0.3333333215778246,0.3333333269101214,0.33333332685818196,negative
sp|P16400|MLER_LACLA,0.33306438039925784,0.3333326439326566,0.33333330069649514,0.3333333180226041,0.3333333192328807,negative
sp|P40859|MSOX_BACB0,0.3332322545795059,0.33333319796515404,0.333333324126163,0.33333332758230044,0.3333333275374874,negative
sp|Q9S4K9|NANA_CLOPE,0.33320825000498006,0.3333330841925825,0.3333333016470188,0.33333331893394097,0.3333333187812985,negative
sp|Q53598|NEUA_STRA3,0.333232697666368,0.3333332109118497,0.3333333259153614,0.3333333283317308,0.333333328461316,negative
sp|O06994|O16G_BACSU,0.3332577825075566,0.3333332648126215,0.3333333300322386,0.33333333136663396,0.333333331404418,negative
sp|P29094|O16G_BACTR,0.33324388705892827,0.3333332252221959,0.3333333294354891,0.33333333128167053,0.33333333136663396,negative
sp|O34777|OHRR_BACSU,0.33266461987730944,0.3333305822826609,0.33333318176698273,0.3333332217006744,0.33333321934231513,negative
sp|O34714|OXDC_BACSU,0.33324875706390994,0.33333320087856716,0.33333332293877194,0.3333333266960379,0.33333332686336503,negative
sp|O34767|OXDD_BACSU,0.33325116920820064,0.33333315872717173,0.3333333231608961,0.3333333270591441,0.33333332721483033,negative
sp|P41508|P115_MYCHR,0.3331259909952995,0.3333330572784761,0.33333333074349647,0.3333333329130855,0.3333333329736959,negative
sp|P75361|P115_MYCPN,0.3331562349631522,0.3333331117031017,0.3333333313052205,0.33333333286850014,0.3333333329718943,negative
sp|P46107|PCP_BACAM,0.3331988198981651,0.33333267088599083,0.33333327713935157,0.3333332983491965,0.33333329784943067,negative
sp|Q53596|PCP_STAAU,0.33321689193440807,0.33333285959800707,0.33333329734010003,0.3333332968209748,0.3333332962918184,negative
sp|Q01328|PCP_STRPY,0.3331696843815517,0.33333282346503323,0.3333332829692747,0.3333332983491965,0.33333329784943067,negative
sp|Q53778|PEPB_STRA3,0.3332122679420524,0.3333332167798354,0.33333332942099936,0.33333333162861845,0.33333333176674185,negative
sp|Q10744|PEPC_LACHE,0.3332320257839886,0.33333320896045937,0.3333333276140814,0.33333332945810634,0.3333333295506611,negative
sp|Q09145|PEPO_LACLC,0.3332012439966467,0.3333331921840811,0.33333332982881203,0.3333333317689399,0.3333333319169711,negative
sp|P55179|PEPT_BACSU,0.3332311912672964,0.3333331909012776,0.33333332512939345,0.3333333282190686,0.3333333283525156,negative
sp|Q9L4G1|PEPT_LACHE,0.3332406923180289,0.33333318754278934,0.33333332500417745,0.3333333283317308,0.333333328461316,negative
sp|P22346|PEPX_LACLC,0.3332161479491276,0.3333332094963215,0.33333333079194605,0.3333333324620872,0.3333333325709851,negative
sp|Q46267|PFLA_CLOPA,0.33313770765994244,0.33333264415321584,0.33333328755707065,0.33333330764859426,0.33333330731789346,negative
sp|O68575|PFLA_STRMU,0.333230951133892,0.3333331232314094,0.33333330955700935,0.33333331436807767,0.3333333141475536,negative
sp|P47542|PGK_MYCGE,0.33315015687576655,0.33333299926336063,0.3333333197170485,0.33333332779950514,0.3333333285669705,negative
sp|P50849|PNP_BACSU,0.3331843378591458,0.33333312440303164,0.33333333004743254,0.33333333217241234,0.333333332361516,negative
sp|P37487|PPAC_BACSU,0.33313161777879685,0.3333329366304563,0.3333333080787442,0.333333320635211,0.3333333215849197,negative
sp|P32397|PPOX_BACSU,0.33321426677959753,0.33333318408620827,0.33333332714910746,0.33333332986423647,0.33333333003935306,negative
sp|P45617|PT1_MYCCA,0.3331677228117971,0.3333331268180277,0.33333332852003594,0.33333333144499194,0.33333333152390265,negative
sp|P47668|PT1_MYCGE,0.33319904795311417,0.33333316330634805,0.3333333268157136,0.3333333313013013,0.333333331514329,negative
sp|P26379|PTFA_BACSU,0.33316518178009685,0.3333325287497708,0.33333310696710833,0.3333332081823553,0.33333321691705475,negative
sp|P26380|PTFB_BACSU,0.33318919019965154,0.333332180516142,0.33333321178715014,0.33333325195312496,0.333333250407972,negative
sp|P45618|PTGA_MYCCA,0.33316390631278053,0.33333250909593265,0.3333332121881578,0.3333332275408284,0.3333332345679012,negative
sp|P42013|PTHP_BACST,0.3330076012816463,0.33333054633153963,0.3333327239579022,0.3333327905556686,0.33333277093906344,negative
sp|O31148|PTHP_LISMO,0.3331229376195273,0.33333115144257625,0.3333327239579022,0.3333327905556686,0.33333277093906344,negative
sp|P45611|PTHP_MYCCA,0.33289625585897475,0.3333290219171974,0.33333238270766075,0.3333327905556686,0.33333277093906344,negative
sp|P11502|PTLA_LACCA,0.3330968104516998,0.33333228595108444,0.33333301914714386,0.33333307593884,0.3333330687225863,negative
sp|P23532|PTLA_LACLA,0.33307495265175857,0.33333161802625666,0.33333302828611355,0.3333330192258885,0.333333009803284,negative
sp|P27547|PTMA_ENTFA,0.3331068064885102,0.3333314851926472,0.3333331412225964,0.3333332054393935,0.3333332144225042,negative
sp|P17875|PTMA_STAAM,0.3331487707149211,0.33333216425155027,0.33333317900225723,0.33333321185617104,0.3333332092154546,negative
sp|Q02420|PTMA_STRMU,0.33316678001152766,0.33333259841832896,0.333333163542516,0.3333332054393935,0.3333332144225042,negative
sp|Q8XIB9|RF1_CLOPE,0.3331905078303612,0.33333308334806555,0.3333333235115127,0.33333332600721216,0.33333332594530163,negative
sp|Q88UT2|RF1_LACPL,0.33321809881941267,0.3333331651446419,0.3333333215227969,0.33333332571991325,0.33333332594530163,negative
sp|Q927V0|RF1_LISIN,0.3331829632476013,0.3333331072906873,0.3333333180592003,0.33333332529503523,0.3333333258193719,negative
sp|P71496|RF1_MYCCA,0.3331981677490176,0.3333331012742402,0.333333321410175,0.3333333263326656,0.3333333265344829,negative
sp|Q7NBX3|RF1_MYCGA,0.3332093648389473,0.3333330641631963,0.333333320508146,0.33333332514531555,0.33333332594530163,negative
sp|P47500|RF1_MYCGE,0.3331811356116913,0.333333064491432,0.3333333105751586,0.33333332565476104,0.3333333258826915,negative
sp|Q8EWY5|RF1_MYCPE,0.3331614173388803,0.33333303198201736,0.3333333191120393,0.33333332594530163,0.3333333258826915,negative
sp|Q98RA5|RF1_MYCPU,0.3331436067564863,0.3333328489795818,0.3333333198097651,0.33333332565476104,0.3333333258826915,negative
sp|Q99SE0|RF1_STAAM,0.33316878110675924,0.33333294898901045,0.33333331556885254,0.3333333258826915,0.3333333258193719,negative
sp|Q8E5C3|RF1_STRA3,0.3331876526876871,0.33333300458644316,0.33333332009706396,0.33333332565476104,0.3333333258826915,negative
sp|P28367|RF2_BACSU,0.33320428256942347,0.3333330593069714,0.3333333198900154,0.3333333255582103,0.3333333260348552,negative
sp|Q9CGX1|RF2_LACLA,0.3332172200571625,0.3333329399453954,0.33333331976046426,0.33333332630660706,0.33333332624805134,negative
sp|Q88YL5|RF2_LACPL,0.3332225132737686,0.3333331817541657,0.33333332323823833,0.3333333255222096,0.3333333257553328,negative
sp|Q837X4|RF3_ENTFA,0.3332434835108439,0.33333322958394784,0.33333332824225487,0.33333333072295374,0.33333333096267637,negative
sp|O86490|RF3_STAAC,0.3332436135507957,0.33333322623434636,0.33333332972689117,0.3333333308054772,0.333333330855848,negative
sp|Q9KA66|RRF_BACHD,0.33313960062272713,0.33333236470147964,0.33333325252152407,0.33333327711952343,0.33333327617741193,negative
sp|P81099|SCP1_BACSU,0.33308798743442397,0.3333314882418972,0.33333273591329116,0.3333329649575346,0.333333,negative
sp|P81100|SCP2_BACSU,0.3331493073937155,0.33333269749095973,0.33333325879693565,0.3333332883786533,0.33333328767988823,negative
sp|Q46455|SELB_MOOTH,0.33311849117282366,0.33333305705468297,0.3333333287075206,0.33333333191826836,0.3333333320002506,negative
sp|P52934|SP0A_BACST,0.3332131261270579,0.33333303391182517,0.33333330620802987,0.3333333123785754,0.33333331323045684,negative
sp|P06535|SP0B_BACSU,0.333147937378275,0.33333275501200504,0.3333332739926796,0.3333332839598995,0.3333332831678273,negative
sp|P33112|SPAR_BACSU,0.3332164748537213,0.33333292656728297,0.33333329496030106,0.33333330071216255,0.33333330025698993,negative
sp|Q08788|SRF4_BACSU,0.33321668029250856,0.33333298691486624,0.33333329890491725,0.3333333086076744,0.33333330829336894,negative
sp|Q81LK0|SYA_BACAN,0.333211596763619,0.3333332380332772,0.33333333160682255,0.3333333327557638,0.3333333328295401,negative
sp|Q97IG3|SYA_CLOAB,0.33319431594056237,0.3333331744671161,0.33333333186090763,0.33333333278587574,0.3333333328312705,negative
sp|Q8XJH6|SYA_CLOPE,0.3331824888113427,0.3333331543988319,0.3333333306415778,0.3333333326857609,0.3333333328118795,negative
sp|Q896F2|SYA_CLOTE,0.3331656830229231,0.3333331500427296,0.33333333111490304,0.33333333268236454,0.33333333282780175,negative
sp|Q835J8|SYA_ENTFA,0.3332145458431872,0.33333323667531767,0.33333333170105706,0.33333333273998633,0.3333333328295401,negative
sp|P61702|SYA_LACJO,0.3332237524336246,0.33333325608731823,0.3333333315846677,0.3333333327319672,0.3333333328251401,negative
sp|Q9CEW0|SYA_LACLA,0.3332147083573141,0.33333322489821327,0.3333333316681143,0.33333333269445253,0.3333333327907433,negative
sp|P47534|SYA_MYCGE,0.3332051200843367,0.33333322869233606,0.3333333317740228,0.3333333328066075,0.3333333328626941,negative
sp|P61704|SYA_MYCMS,0.333207716137961,0.33333321441897573,0.33333333145370325,0.33333333276565624,0.33333333284892996,negative
sp|Q99TN1|SYA_STAAM,0.33324185240078386,0.3333332633544556,0.33333333220452566,0.33333333280019795,0.33333333283060973,negative
sp|Q8RAH4|SYA_THETN,0.3331918853648312,0.3333331979369598,0.3333333317461016,0.33333333275615157,0.3333333328260554,negative
sp|Q8XHQ5|SYC_CLOPE,0.33321836615491984,0.3333331890652897,0.3333333271775888,0.33333332987335673,0.3333333299530522,negative
sp|Q9CEJ0|SYC_LACLA,0.33323652997838443,0.33333318587682587,0.33333332524590314,0.3333333290746394,0.3333333292848825,negative
sp|Q88YX9|SYC_LACPL,0.33321271760729165,0.33333319392440675,0.33333332794124426,0.33333332986423647,0.33333333003935306,negative
sp|Q92F36|SYC_LISIN,0.3332252773329484,0.33333320801093347,0.33333332748415223,0.3333333298868434,0.3333333300604682,negative
sp|P75423|SYC_MYCPN,0.33319360722470226,0.33333320607507533,0.3333333266771119,0.33333332846646513,0.3333333292273701,negative
sp|Q8ETZ9|SYC_OCEIH,0.3332371335176749,0.33333320393952576,0.33333332731086296,0.3333333300180558,0.3333333299965746,negative
sp|Q99W73|SYC_STAAN,0.33324574316018624,0.33333323428139705,0.33333332818436945,0.33333332967025536,0.3333333298506195,negative
sp|Q8E7F2|SYC_STRA3,0.33323859906895503,0.33333321461659804,0.3333333277655798,0.33333332952504485,0.33333332949919686,negative
sp|Q8R7T3|SYC_THETN,0.3332037582987404,0.33333319309176934,0.3333333278221301,0.3333333299965746,0.3333333299749074,negative
sp|Q9PR21|SYC_UREPA,0.33312564923997434,0.33333304301967676,0.3333333258357255,0.3333333286963448,0.33333332906480057,negative
sp|Q8DSG3|SYD1_STRMU,0.33318776662703464,0.33333313359587957,0.3333333289424195,0.3333333314599619,0.33333333153299893,negative
sp|Q9KDG1|SYD_BACHD,0.3331960665095325,0.33333321409794625,0.33333332955136713,0.3333333316887172,0.3333333317185424,negative
sp|Q8XJ28|SYD_CLOPE,0.33320874796503513,0.33333316573466176,0.33333332887324,0.33333333163042966,0.3333333317348259,negative
sp|Q9CE80|SYD_LACLA,0.3332033941713876,0.3333332053194997,0.3333333291617489,0.33333333148877786,0.33333333167685447,negative
sp|Q88VQ8|SYD_LACPL,0.3332324149044816,0.3333332403848647,0.3333333296771346,0.33333333167642326,0.33333333174288554,negative
sp|Q92BJ4|SYD_LISIN,0.3332061355109576,0.3333331844505306,0.33333332880503197,0.33333333142042765,0.33333333164600026,negative
sp|Q48979|SYD_MYCCA,0.33320251963497277,0.333333144070913,0.3333333267012794,0.33333332996760867,0.33333333030033474,negative
sp|Q8EWB7|SYD_MYCPE,0.33321022094353825,0.3333332106347599,0.33333332914621333,0.33333333147182004,0.333333331589073,negative
sp|P75068|SYD_MYCPN,0.3332281073566811,0.33333323667318676,0.33333333015385846,0.33333333127382914,0.3333333313622574,negative
sp|Q8EPS0|SYD_OCEIH,0.3332079540497095,0.33333320729378835,0.33333332991287323,0.33333333161562206,0.3333333316853059,negative
sp|Q99TL9|SYD_STAAM,0.33321607412248694,0.3333332083555786,0.33333332970943247,0.33333333154880757,0.3333333316597775,negative
sp|Q8RAI7|SYD_THETN,0.3332028817531343,0.3333331977701316,0.3333333292950503,0.33333333158571365,0.33333333165466095,negative
sp|Q9PQK5|SYD_UREPA,0.33321210828375,0.3333331950250008,0.3333333283306979,0.3333333314091931,0.3333333315707767,negative
sp|Q8RB93|SYE1_THETN,0.33322105818429903,0.33333315660767104,0.3333333274509624,0.33333333028125933,0.3333333302620236,negative
sp|Q8R7T1|SYE2_THETN,0.33319638390225564,0.333333133123916,0.33333332660220427,0.3333333302701551,0.3333333303380113,negative
sp|Q9KGF6|SYE_BACHD,0.3332034132842443,0.3333331620983978,0.3333333272759297,0.3333333301836944,0.3333333303380113,negative
sp|P22249|SYE_BACST,0.3332105215475829,0.33333314606148773,0.3333333267495283,0.3333333304295117,0.3333333304115128,negative
sp|Q8XLP3|SYE_CLOPE,0.3332102149479307,0.3333331596048019,0.33333332818745115,0.3333333308755847,0.3333333311857185,negative
sp|Q896M5|SYE_CLOTE,0.3332098722384961,0.3333331975030953,0.33333332699989515,0.3333333303271716,0.33333333039336493,negative
sp|O86083|SYE_LACDE,0.33323320056533334,0.3333331722995897,0.3333333283473686,0.33333333054159897,0.33333333060162884,negative
sp|Q88YY0|SYE_LACPL,0.3332383105742308,0.3333332067286017,0.33333332860929515,0.33333333015646316,0.33333333045481595,negative
sp|Q92F38|SYE_LISIN,0.3332228178314993,0.3333332042279806,0.33333332773102897,0.3333333303004957,0.333333330447363,negative
sp|Q7NAE5|SYE_MYCGA,0.3331843396462971,0.3333331735051759,0.33333332716496833,0.33333333050731007,0.3333333305683157,negative
sp|P47700|SYE_MYCGE,0.33319472942278827,0.33333312143445204,0.3333333268364311,0.33333333016364747,0.3333333303192515,negative
sp|Q8EU94|SYE_MYCPE,0.33318436724288475,0.3333331243298745,0.3333333277125941,0.3333333302232841,0.3333333303750664,negative
sp|P53662|SYE_MYCPU,0.33318311077526996,0.33333310376322256,0.33333332612333355,0.3333333297186114,0.3333333299965746,negative
sp|Q8EU02|SYE_OCEIH,0.33320938953233004,0.33333321261934284,0.3333333270695332,0.3333333304295117,0.3333333304115128,negative
sp|Q97NG1|SYE_STRPN,0.33319899268558184,0.3333331937908016,0.33333332765992324,0.3333333298973339,0.3333333303566157,negative
sp|Q9PPP0|SYE_UREPA,0.3331724891292431,0.33333310760063656,0.33333332661444265,0.33333333012304045,0.33333333028125933,negative
sp|Q8XJ75|SYFA_CLOPE,0.3332126651157247,0.3333331270977758,0.33333331715484343,0.3333333247009912,0.3333333246239172,negative
sp|Q88WR3|SYFA_LACPL,0.3332211883303778,0.33333310151348716,0.33333332007621275,0.33333332521584896,0.3333333251448509,negative
sp|Q92CI7|SYFA_LISIN,0.333220477290018,0.3333331439450571,0.33333332128747806,0.33333332438977287,0.33333332528602855,negative
sp|Q7NBB8|SYFA_MYCGA,0.33323605891756014,0.333333159782106,0.33333332213663935,0.33333332528602855,0.33333332521584896,negative
sp|P47436|SYFA_MYCGE,0.33318677805222235,0.3333330455813508,0.33333331680149103,0.3333333247009912,0.3333333246239172,negative
sp|Q8EUJ8|SYFA_MYCPE,0.33313842791300696,0.333332937724245,0.33333331447946135,0.3333333236283333,0.3333333246239172,negative
sp|Q99QR1|SYFA_STAAM,0.3332337241646881,0.3333331660131803,0.33333332244897956,0.3333333254917734,0.3333333254239793,negative
sp|Q8P1K1|SYFA_STRP8,0.33322492888933264,0.33333311436181645,0.3333333226181304,0.33333332625461026,0.333333326698964,negative
sp|Q8R9C6|SYFA_THETN,0.33320254215555645,0.33333308784791166,0.3333333206439466,0.33333332417978073,0.3333333244669945,negative
sp|Q9PQ32|SYFA_UREPA,0.3331980689458287,0.3333327984341601,0.33333331025694735,0.33333332327083054,0.33333332397300564,negative
sp|Q81L31|SYFB_BACAN,0.3331770056231329,0.333333185691135,0.3333333312656237,0.33333333255487424,0.33333333268715015,negative
sp|Q9K896|SYFB_BACHD,0.3331760259827392,0.3333331925691009,0.3333333303161483,0.33333333252765573,0.3333333326919604,negative
sp|P17922|SYFB_BACSU,0.33317257881686224,0.33333320337235417,0.3333333312916523,0.3333333325940354,0.33333333268229165,negative
sp|Q97GL0|SYFB_CLOAB,0.33318735723499704,0.33333314232750666,0.3333333307026156,0.33333333259447034,0.3333333326520934,negative
sp|Q8XJ76|SYFB_CLOPE,0.3332092365047543,0.3333331875345693,0.3333333309943266,0.33333333257852105,0.33333333265468035,negative
sp|Q836J5|SYFB_ENTFA,0.3331967616068583,0.3333331860646911,0.3333333311893579,0.33333333260261494,0.3333333326895613,negative
sp|Q9CEB5|SYFB_LACLA,0.3332134102996487,0.33333317841735344,0.3333333315033427,0.3333333325969715,0.3333333326648983,negative
sp|Q88WR2|SYFB_LACPL,0.3332094035773293,0.33333319079219714,0.3333333314485163,0.3333333325856301,0.3333333326733905,negative
sp|Q92CI6|SYFB_LISIN,0.3331852925474229,0.3333331994394432,0.3333333314973958,0.33333333263404263,0.3333333326773843,negative
sp|P47437|SYFB_MYCGE,0.3331549567791291,0.33333311062579984,0.3333333305508599,0.33333333259976994,0.3333333326758702,negative
sp|P75563|SYFB_MYCPN,0.3331845278850789,0.3333331987551128,0.33333333141644794,0.3333333326533101,0.333333332684727,negative
sp|Q8EPH5|SYFB_OCEIH,0.33322611807547386,0.3333332521997823,0.33333333175283303,0.33333333262479803,0.3333333326990867,negative
sp|Q99UW6|SYFB_STAAM,0.3332209953564453,0.3333332453183995,0.33333333140165394,0.33333333262864917,0.33333333267242754,negative
sp|Q8E5U1|SYFB_STRA3,0.33320554373507083,0.3333332238297526,0.3333333314121242,0.33333333261984494,0.33333333267491216,negative
sp|Q8R9C7|SYFB_THETN,0.3331646509953683,0.3333331555523816,0.3333333309798547,0.3333333325218759,0.3333333326572543,negative
sp|Q9PQ33|SYFB_UREPA,0.33312420272974186,0.33333307502365805,0.33333333003158006,0.3333333325069292,0.3333333325974735,negative
sp|Q9CGK1|SYGA_LACLA,0.33321977646819084,0.333333169595441,0.33333331650686704,0.3333333216063513,0.33333332197671195,negative
sp|Q9KD48|SYGB_BACHD,0.3331761661197711,0.3333331848884702,0.3333333306884585,0.33333333225688433,0.33333333231422324,negative
sp|P54381|SYGB_BACSU,0.3332058349758717,0.3333332162916761,0.33333333055166087,0.3333333321872494,0.3333333322494877,negative
sp|Q9CGK0|SYGB_LACLA,0.333189725973862,0.33333313943493686,0.3333333296779904,0.33333333208609084,0.3333333322200636,negative
sp|Q88VS3|SYGB_LACPL,0.3332113808626058,0.33333318422736485,0.33333333093774836,0.3333333322821089,0.33333333231864776,negative
sp|Q92BQ2|SYGB_LISIN,0.33319303722356053,0.33333321354388673,0.3333333302688303,0.3333333322326792,0.3333333322917106,negative
sp|Q8NZW7|SYGB_STRP8,0.3331645773794727,0.33333316128859636,0.3333333301390911,0.3333333322319435,0.3333333322494877,negative
sp|P75425|SYG_MYCPN,0.33321725300941596,0.3333331939331048,0.3333333258941312,0.33333332945810634,0.3333333295506611,negative
sp|Q99TT1|SYG_STAAM,0.33324829563178227,0.3333332298469783,0.3333333269198374,0.3333333297003179,0.333333329886338,negative
sp|Q9PPZ7|SYG_UREPA,0.3332279673908476,0.3333332177106605,0.33333332748804534,0.3333333298358369,0.33333333010216026,negative
sp|P62367|SYH1_BACC1,0.3332025240017531,0.3333331479924775,0.33333332562902457,0.3333333289618574,0.3333333291987904,negative
sp|Q9KDG2|SYH_BACHD,0.333229072636653,0.33333319152270324,0.3333333271795255,0.333333328991112,0.3333333289603162,negative
sp|Q97FJ7|SYH_CLOAB,0.3331533273604791,0.3333330696571397,0.33333332286339123,0.3333333287710879,0.3333333290216193,negative
sp|Q8XJ27|SYH_CLOPE,0.3332043412042888,0.3333331539841686,0.3333333248206328,0.3333333285669705,0.33333332853209485,negative
sp|Q892X7|SYH_CLOTE,0.33317897851200495,0.33333306320053546,0.33333332374532315,0.33333332905326435,0.33333332928374404,negative
sp|Q833I1|SYH_ENTFA,0.3332395907505262,0.3333332014299293,0.3333333267356667,0.33333332914083036,0.33333332911144375,negative
sp|P60916|SYH_LACJO,0.33322771529905454,0.33333321191744425,0.3333333277463236,0.333333328991112,0.3333333289603162,negative
sp|Q9CE78|SYH_LACLA,0.3331956445549185,0.3333331326804049,0.3333333263003931,0.3333333287710879,0.3333333290216193,negative
sp|Q88VQ7|SYH_LACPL,0.33321887758913904,0.33333315276844544,0.3333333246904363,0.3333333286377039,0.3333333288978455,negative
sp|Q92BJ3|SYH_LISIN,0.33319366155481855,0.3333331797414214,0.3333333257849268,0.3333333288978455,0.3333333288661635,negative
sp|Q7NBS9|SYH_MYCGA,0.3331545419737995,0.3333329771279241,0.33333332139612193,0.33333332838426377,0.3333333288018887,negative
sp|P47281|SYH_MYCGE,0.33317072702473205,0.3333330646046799,0.3333333245872889,0.33333332820500317,0.333333328496878,negative
sp|P62372|SYH_MYCMS,0.33316231048137906,0.3333330852505564,0.33333332296765106,0.33333332820500317,0.333333328496878,negative
sp|Q8EWB8|SYH_MYCPE,0.33315980686415425,0.333333069540834,0.3333333243191424,0.3333333286377039,0.3333333288978455,negative
sp|P75069|SYH_MYCPN,0.33315611312012405,0.33333302106731544,0.333333322458622,0.33333332820500317,0.333333328496878,negative
sp|Q98QM8|SYH_MYCPU,0.33313054734995534,0.3333329899493285,0.3333333200779496,0.3333333285820405,0.3333333287031439,negative
sp|Q8EPR9|SYH_OCEIH,0.33324194372361543,0.33333320606492894,0.3333333269461898,0.3333333290216193,0.333333328991112,negative
sp|P60918|SYH_ONYPE,0.33323189250732943,0.3333331917527009,0.33333332238539154,0.3333333283476627,0.3333333287692885,negative
sp|Q8CS98|SYH_STAEP,0.3332323662267072,0.33333319790971416,0.3333333265434633,0.33333332842050767,0.33333332883417915,negative
sp|Q8CWW2|SYH_STRMU,0.33323852169022083,0.33333319263479444,0.3333333255223681,0.3333333288799198,0.333333328991112,negative
sp|Q8RAI8|SYH_THETN,0.33320192098547663,0.3333331189867303,0.33333332552297135,0.3333333280002884,0.3333333284411084,negative
sp|Q9PQK6|SYH_UREPA,0.33310822758178604,0.33333297906953546,0.333333322545591,0.33333332842770613,0.3333333287031439,negative
sp|P41368|SYIP_STAAU,0.3332038596005683,0.3333332048021209,0.33333333186793956,0.3333333329772038,0.33333333301922585,negative
sp|Q45477|SYI_BACSU,0.3332426315748607,0.3333332826404845,0.33333333233279583,0.3333333328367482,0.333333332894448,negative
sp|P47587|SYI_MYCGE,0.3331647286216679,0.33333318127115824,0.33333333139966687,0.3333333327194047,0.333333332854685,negative
sp|P41972|SYI_STAAU,0.33324899196972335,0.3333332756868319,0.3333333322524127,0.33333333284328226,0.3333333328886249,negative
sp|Q9ZHB3|SYI_STRPN,0.3332371205258843,0.33333327352046893,0.3333333322564376,0.33333333285801103,0.33333333291353007,negative
sp|Q98QH1|SYK1_MYCPU,0.33314264701066615,0.3333330788810692,0.33333332683326117,0.33333333021820943,0.333333330447363,negative
sp|Q9KGG4|SYK_BACHD,0.3332166947226134,0.3333332098133333,0.33333332834958274,0.33333333055853553,0.33333333061808484,negative
sp|Q97EB7|SYK_CLOAB,0.3331996309923746,0.3333331319757111,0.3333333280920557,0.33333333051026176,0.3333333308351975,negative
sp|Q9CII7|SYK_LACLA,0.3331915784600913,0.3333331254035147,0.3333333280996654,0.3333333303567357,0.33333333050004677,negative
sp|Q88Z28|SYK_LACPL,0.33322752193826194,0.33333321685686174,0.333333328389068,0.33333333060162884,0.33333333058503956,negative
sp|Q49158|SYK_MYCFE,0.33319941849390833,0.33333315114978956,0.3333333277885875,0.3333333302428304,0.33333333039336493,negative
sp|Q7NC34|SYK_MYCGA,0.3332048627143279,0.33333316221179526,0.3333333262472761,0.3333333304724574,0.33333333053445874,negative
sp|P47382|SYK_MYCGE,0.3332036337883418,0.3333332122920798,0.33333332783190694,0.3333333301984703,0.3333333303458625,negative
sp|P46191|SYK_MYCHO,0.33322704298959627,0.3333332008216649,0.3333333285414301,0.3333333304115128,0.33333333039336493,negative
sp|Q8EUS8|SYK_MYCPE,0.3332158720571834,0.33333318827435554,0.333333328373257,0.3333333304295117,0.3333333304115128,negative
sp|Q8R7N1|SYK_THETN,0.33321510716295033,0.33333319876648104,0.33333332762420925,0.33333333029321055,0.33333333058503956,negative
sp|Q9PR83|SYK_UREPA,0.3332035651229499,0.3333331599055075,0.3333333274891079,0.3333333304190957,0.33333333048262903,negative
sp|Q7NB47|SYL_MYCGA,0.33321764870999265,0.333333212523889,0.3333333311502807,0.3333333326194701,0.333333332684727,negative
sp|Q8EW18|SYL_MYCPE,0.333198246510796,0.3333331701483479,0.3333333311581477,0.33333333256781184,0.3333333326582478,negative
sp|P75398|SYL_MYCPN,0.3332315088500598,0.3333332572917439,0.3333333313894118,0.33333333259734854,0.33333333265468035,negative
sp|Q98RB6|SYL_MYCPU,0.33318696523365166,0.333333202711338,0.33333333118142017,0.3333333325802786,0.3333333326895613,negative
sp|Q8CNU8|SYL_STAEP,0.3332404321709948,0.3333332533029699,0.3333333318274334,0.33333333266527493,0.3333333327061079,negative
sp|Q8E2V2|SYL_STRA3,0.33322328489996705,0.33333324524843266,0.33333333124683046,0.3333333327110329,0.33333333274825344,negative
sp|Q8RCT6|SYL_THETN,0.3332290985499574,0.33333325932691416,0.33333333181233793,0.33333333265668874,0.3333333326964265,negative
sp|Q9PQC0|SYL_UREPA,0.33323187638188534,0.3333332317711286,0.3333333315815238,0.33333333263344167,0.33333333268715015,negative
sp|P37465|SYM_BACSU,0.3332132989346841,0.3333332300370574,0.3333333299524067,0.33333333200803184,0.33333333210011457,negative
sp|Q8XHG1|SYM_CLOPE,0.3332149214283717,0.33333323229031686,0.3333333306130818,0.3333333319637323,0.33333333206770943,negative
sp|Q88Z97|SYM_LACPL,0.3332213346608838,0.33333322713338087,0.33333332961523776,0.33333333214226557,0.3333333322685299,negative
sp|P47267|SYM_MYCGE,0.3332118922359465,0.333333217895993,0.3333333279528575,0.33333333073610993,0.3333333307906773,negative
sp|Q50319|SYM_MYCPU,0.3331562753957944,0.33333311581611946,0.33333332729466664,0.3333333306180326,0.3333333307450929,negative
sp|Q8CQU3|SYM_STAEP,0.3332358939521405,0.3333332547567418,0.33333333046902147,0.3333333321105434,0.33333333213069244,negative
sp|P59080|SYM_STRP3,0.33323595601856515,0.33333324106830164,0.333333330688692,0.3333333320871807,0.3333333321791511,negative
sp|Q8RDD1|SYM_THETN,0.3332091531162019,0.3333332183267052,0.3333333299636756,0.33333333200279147,0.33333333202532356,negative
sp|Q9PQU6|SYM_UREPA,0.3332125733054051,0.3333332289879556,0.333333328918313,0.3333333308054772,0.33333333092116774,negative
sp|Q9KC78|SYN_BACHD,0.3332394294373963,0.3333332431974673,0.33333332755201805,0.3333333287710879,0.3333333290216193,negative
sp|P58693|SYN_CLOPE,0.33324036481723596,0.33333321482086853,0.33333332747966227,0.3333333298506195,0.33333332993100695,negative
sp|Q831X4|SYN_ENTFA,0.3332242184219885,0.3333331809740355,0.33333332666370347,0.33333332948431854,0.33333332957604805,negative
sp|P54262|SYN_LACDE,0.3332385313841809,0.33333314818329446,0.3333333262743283,0.33333332897366647,0.33333332908178187,negative
sp|P47359|SYN_MYCGE,0.33320428724741696,0.3333331627676755,0.3333333256441289,0.33333332963673024,0.33333332972369706,negative
sp|Q8EW03|SYN_MYCPE,0.33323371816874264,0.3333332116278983,0.33333332823326156,0.33333332967535434,0.33333332965085904,negative
sp|Q98PF2|SYN_MYCPU,0.33320330322003755,0.33333312996069475,0.3333333271933019,0.3333333296012084,0.33333332957604805,negative
sp|Q9PQC6|SYN_UREPA,0.3332275561800918,0.33333318392566175,0.3333333274237518,0.3333333295868351,0.33333332967535434,negative
sp|O31755|SYP_BACSU,0.33321499889361694,0.3333331151142048,0.3333333287087823,0.33333333116269726,0.3333333312928966,negative
sp|Q9L4Q8|SYP_CLOST,0.333247548949058,0.33333323997214986,0.33333332923656905,0.33333333028125933,0.3333333302620236,negative
sp|P47525|SYP_MYCGE,0.33320019453519223,0.33333315217351356,0.3333333288559185,0.3333333303192515,0.33333333030033474,negative
sp|Q8XMP3|SYQ_CLOPE,0.3332390195355808,0.3333332529017422,0.3333333304118571,0.3333333313188591,0.33333333130781084,negative
sp|Q81JT7|SYR1_BACAN,0.33319436887187337,0.33333311205945093,0.33333332838627694,0.3333333312624561,0.3333333313515256,negative
sp|Q81R81|SYR2_BACAN,0.33316674644073274,0.33333281634839806,0.333333313905122,0.33333333094712314,0.33333333127036197,negative
sp|Q9KEL8|SYR2_BACHD,0.3332085670466959,0.33333319015704177,0.33333332879646166,0.33333333131849796,0.333333331404418,negative
sp|Q8XJU2|SYR_CLOPE,0.33317731360276354,0.33333308173493836,0.3333333286387008,0.3333333313151044,0.33333333144538474,negative
sp|Q831N1|SYR_ENTFA,0.33319496475206445,0.33333316023344894,0.33333332723199505,0.3333333312454446,0.33333333142504795,negative
sp|Q9CE12|SYR_LACLA,0.33319599377664744,0.3333331808058829,0.3333333285884905,0.33333333120981185,0.33333333138780064,negative
sp|Q88X53|SYR_LACPL,0.3331955144025056,0.33333319533135936,0.3333333295778451,0.33333333132946297,0.33333333141476995,negative
sp|Q927T2|SYR_LISIN,0.33320717723422666,0.3333331925897517,0.33333332774223956,0.3333333311626548,0.3333333313515256,negative
sp|Q7NC67|SYR_MYCGA,0.3332075478756863,0.3333331556259818,0.33333332894845774,0.33333333130781084,0.33333333129668163,negative
sp|P47618|SYR_MYCGE,0.33317700123459915,0.3333331009906192,0.3333333273888538,0.3333333309721147,0.33333333113194263,negative
sp|P75222|SYR_MYCPN,0.3331747782341983,0.3333331418278841,0.33333332858507353,0.3333333310295054,0.33333333113194263,negative
sp|Q8EM45|SYR_OCEIH,0.3332113882150947,0.33333317909894133,0.3333333284145863,0.33333333121255543,0.3333333313515256,negative
sp|Q932F6|SYR_STAAM,0.33320580359170104,0.33333316826885695,0.33333332851995046,0.33333333117683217,0.3333333313188591,negative
sp|Q8DRW2|SYR_STRMU,0.3331975086457103,0.33333316541936164,0.3333333276829489,0.3333333312454446,0.33333333137725546,negative
sp|Q8R786|SYR_THETN,0.333203594649238,0.3333330834611514,0.33333332848644875,0.33333333132946297,0.33333333141476995,negative
sp|Q9PQL3|SYR_UREPA,0.3331842353063315,0.3333331049712158,0.33333332749332323,0.3333333311403025,0.3333333312854707,negative
sp|Q88Z60|SYS1_LACPL,0.3332475760323719,0.33333323268349563,0.3333333261922282,0.33333332838426377,0.33333332865048004,negative
sp|Q97N21|SYS2_CLOAB,0.33317811617772775,0.3333331283584705,0.3333333258682195,0.3333333286035477,0.3333333288661635,negative
sp|Q88XZ7|SYS2_LACPL,0.33323372967277687,0.3333332093417966,0.3333333259306891,0.3333333287506966,0.3333333288661635,negative
sp|Q899T6|SYS_CLOTE,0.3332260222004838,0.3333331854015158,0.3333333263612589,0.3333333287834662,0.3333333288978455,negative
sp|Q926Z9|SYS_LISIN,0.33318289232872933,0.3333330865737375,0.3333333251903912,0.3333333289603162,0.3333333289292285,negative
sp|Q7NAD6|SYS_MYCGA,0.33318695168165524,0.33333316032732013,0.33333332632348456,0.3333333285820405,0.3333333287031439,negative
sp|Q8EW01|SYS_MYCPE,0.3331488127423869,0.33333299542677886,0.3333333219882418,0.3333333286377039,0.3333333288978455,negative
sp|P75107|SYS_MYCPN,0.3331386861270081,0.3333329104165273,0.333333323157042,0.3333333285820405,0.3333333287031439,negative
sp|Q98RH5|SYS_MYCPU,0.33314148845679736,0.33333303321832636,0.33333332454081666,0.3333333281578375,0.3333333285820405,negative
sp|P61083|SYS_STAAM,0.33322622381904793,0.33333320281300727,0.3333333259042298,0.333333328991112,0.3333333289603162,negative
sp|Q8DSB7|SYS_STRMU,0.33322835040459775,0.3333331775753004,0.3333333263612589,0.3333333289292285,0.3333333288978455,negative
sp|Q9PR38|SYS_UREPA,0.3331800729050578,0.3333331572709263,0.3333333266774361,0.333333328669592,0.3333333286357151,negative
sp|P18256|SYT2_BACSU,0.33322950513985344,0.3333332317330441,0.33333333008998683,0.3333333319740895,0.33333333202532356,negative
sp|Q9K866|SYT_BACHD,0.333206317090136,0.3333331970551016,0.33333332991498144,0.3333333319637323,0.3333333320400671,negative
sp|Q8XI02|SYT_CLOPE,0.3332211274179022,0.3333332259471986,0.333333330681644,0.33333333203395205,0.3333333320557884,negative
sp|Q88WU9|SYT_LACPL,0.3332379781155711,0.3333332099708786,0.3333333308358245,0.33333333199522874,0.3333333320934141,negative
sp|P47615|SYT_MYCGE,0.33315398451380884,0.33333314982462586,0.3333333294171673,0.33333333139827015,0.3333333314352527,negative
sp|Q98PH6|SYT_MYCPU,0.3331872098310327,0.33333317412715713,0.33333332947296235,0.33333333151855615,0.33333333166834517,negative
sp|Q8K8C0|SYT_STRP3,0.33323918698489763,0.33333325040991046,0.33333333053110914,0.3333333319767911,0.3333333320794826,negative
sp|Q8R9A4|SYT_THETN,0.33318919818349024,0.3333331697847921,0.33333333018599814,0.3333333320400671,0.3333333320617676,negative
sp|Q9PPV6|SYT_UREPA,0.3332064754849911,0.3333332242900146,0.33333332985103525,0.3333333315139221,0.33333333154667777,negative
sp|Q9K8G8|SYV_BACHD,0.3332280893685754,0.3333332569386195,0.3333333320757514,0.33333333279971544,0.3333333328374649,negative
sp|P36420|SYV_LACCA,0.33324964855685246,0.3333332800213382,0.33333333228259077,0.3333333328658477,0.3333333328714828,negative
sp|P75304|SYV_MYCPN,0.33321139529908517,0.33333322419858247,0.33333333171189633,0.33333333271277665,0.3333333327587135,negative
sp|Q9PQM4|SYV_UREPA,0.3331672634538549,0.3333331926929151,0.3333333315910962,0.333333332743159,0.3333333328271347,negative
sp|Q46127|SYW_CLOLO,0.3332252063923909,0.33333312759665235,0.3333333198302255,0.33333332434343854,0.3333333246239172,negative
sp|Q891C7|SYW_CLOTE,0.3332167117192586,0.3333331933882636,0.33333332198292814,0.3333333244669945,0.33333332438711805,negative
sp|Q830U2|SYW_ENTFA,0.3332264864771829,0.3333331351243437,0.3333333191372432,0.3333333239267634,0.3333333242244635,negative
sp|Q7NAT8|SYW_MYCGA,0.3331578592475357,0.3333330384771998,0.33333332160567053,0.3333333250335253,0.33333332528602855,negative
sp|P47372|SYW_MYCGE,0.3330387001490672,0.333332754904231,0.33333331778070385,0.3333333248115988,0.3333333250730226,negative
sp|Q8EVV1|SYW_MYCPE,0.3331812856002734,0.33333306007199104,0.3333333176376447,0.3333333242244635,0.3333333241416561,negative
sp|Q98PH7|SYW_MYCPU,0.33314529739772436,0.33333306588607325,0.33333331776175085,0.33333332317638203,0.33333332388713166,negative
sp|Q99V94|SYW_STAAM,0.3332231068261139,0.33333315132115443,0.33333331761970414,0.33333332371220636,0.3333333236231224,negative
sp|Q8DRR1|SYW_STRMU,0.3332407918866712,0.33333316455710565,0.3333333184182806,0.33333332426210166,0.33333332454592285,negative
sp|Q8R9X8|SYW_THETN,0.3332077691044407,0.33333309162465324,0.33333331710981173,0.33333332353293527,0.3333333234416278,negative
sp|Q9PQW8|SYW_UREPA,0.33314607517449807,0.33333294922436607,0.33333332180902503,0.33333332366433627,0.33333332397300564,negative
sp|P22326|SYY1_BACSU,0.33321804043678044,0.33333317819202873,0.3333333261346867,0.3333333288018887,0.3333333287692885,negative
sp|P25151|SYY2_BACSU,0.3331859687790153,0.3333331340994585,0.33333332243361463,0.3333333282945477,0.3333333284254045,negative
sp|P47693|SYY_MYCGE,0.33309875249405685,0.33333293754234844,0.3333333204604984,0.3333333281029976,0.33333332824045137,negative
sp|P75122|SYY_MYCPN,0.3331880415449203,0.3333331679408346,0.3333333240608777,0.3333333272064948,0.3333333277330026,negative
sp|P27623|TAGD_BACSU,0.33316064145189456,0.3333326056599617,0.3333331347258722,0.33333316669799407,0.3333331626666667,negative
sp|P45359|THLA_CLOAB,0.33308078761426996,0.33333296145914704,0.3333333199333806,0.33333332767055,0.3333333276266527,negative
sp|P45855|THL_BACSU,0.3330764395266918,0.3333328896441326,0.33333332364962964,0.3333333271088391,0.33333332726294607,negative
sp|P45362|THL_CLODI,0.33302379366127827,0.3333312495476851,0.33333308289506636,0.33333307593884,0.3333330687225863,negative
sp|P39795|TREC_BACSU,0.3332647271833784,0.3333332710695088,0.33333333013465105,0.33333333141476995,0.333333331404418,negative
sp|O32271|TUAD_BACSU,0.3332035239774283,0.33333316380254024,0.3333333264017938,0.33333332965159346,0.3333333298408837,negative
sp|P00469|TYSY_LACCA,0.33322033312705646,0.3333331469556739,0.33333331680583234,0.3333333224629281,0.3333333223580696,negative
sp|P19368|TYSY_LACLA,0.3332475634008785,0.33333310697446816,0.3333333113086704,0.3333333166746599,0.33333331730528426,negative
sp|Q9XC19|TYSY_MYCGA,0.33322971997338213,0.33333304814677506,0.333333313730265,0.33333331908445607,0.33333331893394097,negative
sp|P47469|TYSY_MYCGE,0.3332149740845056,0.33333311979945923,0.33333331398257093,0.3333333187812985,0.3333333186264909,negative
sp|P94669|URE1_CLOPE,0.33322044885181185,0.3333332265215413,0.3333333298468197,0.333333331619658,0.3333333316511509,negative
sp|P94668|URE2_CLOPE,0.33316454061502876,0.33333151708048225,0.33333295333333335,0.33333298979661596,0.3333329791725103,negative
sp|P41022|URE3_BACPA,0.3331827333333333,0.33333149766743947,0.33333292857810704,0.3333329681057728,0.3333329565731096,negative
sp|Q55055|UREE_STRSL,0.3331367637860082,0.33333265501336085,0.3333332013298217,0.33333322839679314,0.33333322622576045,negative
sp|Q56559|UREE_UREPA,0.33315098699312795,0.3333325857766044,0.3333331884209684,0.3333332159551713,0.33333322399442367,negative
sp|P81102|V12C_BACSU,0.33315857868531085,0.3333327308333333,0.333333273180945,0.33333329039124365,0.3333332897339781,negative
sp|P17978|VGB_STAAU,0.3331403115198965,0.33333121552775613,0.3333331866051556,0.33333327297646453,0.33333329966263553,negative
sp|Q93PS3|XSC_DESTI,0.33319421377259,0.33333317241224614,0.3333333301956395,0.33333333159276457,0.33333333162491285,negative
sp|P77832|XYLA_BACLI,0.33318765132307726,0.33333315799025465,0.33333332691393563,0.3333333295506611,0.33333332952504485,negative
sp|P29441|XYLA_CLOTS,0.33322364511194735,0.33333322037496627,0.33333332747450156,0.3333333291824043,0.33333332928374404,negative
sp|P21938|XYLA_LACPE,0.33322355619156174,0.3333331171744369,0.333333326194705,0.333333329222223,0.3333333295506611,negative
sp|P27157|XYLA_STAXY,0.3332234587430164,0.33333320715180914,0.3333333269078127,0.3333333291824043,0.33333332928374404,negative
sp|O82845|XYLA_TETHA,0.33322928926630824,0.3333331787961741,0.333333327103269,0.33333332893081075,0.33333332916994485,negative
sp|P37552|YABJ_BACSU,0.3331560340804378,0.33333223380797194,0.3333331076337893,0.3333331451753566,0.3333331404320987,negative
nameseq,k-tsallis14.0,k-tsallis24.0,k-tsallis34.0,k-tsallis44.0,k-tsallis54.0,label
sp|P26901|CATA_BACSU,0.3332579730522082,0.3333332642018469,0.3333333289431004,0.3333333301434301,0.33333333030033474,positive
sp|P21880|DLDH1_BACSU,0.33315322269358727,0.33333315196738367,0.33333332602343946,0.3333333296680048,0.3333333299403922,positive
sp|P21881|ODPA_BACSU,0.33319385438162863,0.3333331289752232,0.3333333220243405,0.3333333258813594,0.333333326589908,positive
sp|P09124|G3P1_BACSU,0.33315925764460774,0.33333286957653274,0.3333333178545108,0.3333333238403545,0.3333333241416561,positive
sp|P21882|ODPB_BACSU,0.33319157575715136,0.33333306085806935,0.333333318296716,0.33333332291508905,0.33333332325558174,positive
sp|P49814|MDH_BACSU,0.3331844363632058,0.33333301360961365,0.33333331608052225,0.33333332152340256,0.3333333219248846,positive
sp|P54375|SODM_BACSU,0.3332037559449087,0.33333300678837763,0.333333255,0.33333328508389115,0.33333329039124365,positive
sp|P28598|CH60_BACSU,0.33308914139414436,0.33333299353904594,0.3333333265892048,0.3333333305433035,0.33333333105180063,positive
sp|P39634|ROCA_BACSU,0.3331886277507977,0.333333191259781,0.333333328534845,0.3333333306460796,0.3333333307667554,positive
sp|P9WN39|GLN1B_MYCTU,0.33324916989056114,0.33333324175421897,0.3333333280090055,0.33333333022306455,0.3333333302033378,positive
sp|P9WGE7|SODF_MYCTU,0.33312300584981575,0.33333250926159635,0.33333326670821295,0.33333329137535356,0.3333332934867919,positive
sp|Q88VM0|DNAK_LACPL,0.33316144373475526,0.33333301976878543,0.33333332779745484,0.3333333317371915,0.3333333318890848,positive
sp|P99075|ALF2_STAAN,0.3331856984241203,0.33333286785402916,0.33333330013009893,0.3333333186264909,0.33333331846947967,positive
sp|P0DJM2|DNAK_LISMO,0.33317987836846175,0.3333331244273607,0.33333332921714937,0.33333333172996377,0.3333333318575355,positive
sp|P37869|ENO_BACSU,0.3331956812149445,0.3333331820834016,0.3333333255255776,0.3333333290518415,0.3333333290216193,positive
sp|Q8Y422|EFTU_LISMO,0.3332009478559663,0.33333313528270886,0.3333333237334649,0.3333333270090329,0.33333332775700325,positive
sp|Q06320|CWLC_BACSU,0.3331637329326948,0.3333328640431228,0.3333332922478842,0.3333333032463971,0.33333330519951576,positive
sp|P80868|EFG_BACSU,0.3332040196639038,0.3333332190744485,0.33333332982752123,0.3333333321485624,0.3333333322889448,positive
sp|P9WNK7|ESXA_MYCTU,0.3328627537644227,0.33333035328880445,0.33333266938662903,0.33333284012171194,0.33333289099500907,positive
sp|P9WNK5|ESXB_MYCTU,0.33282870666666664,0.3333289853383144,0.33333292857810704,0.3333329681057728,0.3333329565731096,positive
sp|P39810|FLGK_BACSU,0.3331750117771176,0.33333309309532233,0.33333332720868525,0.3333333306573318,0.3333333307140963,positive
sp|P39738|FLID_BACSU,0.33315872886996045,0.33333311357303136,0.3333333260634746,0.33333333035185103,0.3333333305683157,positive
sp|P02968|FLA_BACSU,0.33313290145053287,0.3333330149443311,0.3333333122549782,0.33333331997326554,0.33333332098765434,positive
sp|O53083|RL19_LISMO,0.3330407193658533,0.33333165897320677,0.33333297744320944,0.3333330896028729,0.33333308289506636,positive
sp|P39138|ARGI_BACSU,0.3331678018850557,0.3333329051212829,0.33333331334542093,0.33333331881511585,0.3333333193029749,positive
sp|Q9RLT9|RPOB_LISMO,0.3332260190936954,0.33333326953421744,0.3333333325706793,0.3333333330997859,0.33333333312804936,positive
sp|Q8YA96|RPOC_LISMO,0.33321962653742887,0.33333325452867796,0.33333333250770014,0.3333333331213397,0.33333333313897806,positive
sp|Q8Y459|RS9_LISMO,0.33312580325152014,0.3333323065733476,0.3333331570029259,0.33333317060334905,0.33333316669799407,positive
sp|P39797|XEPA_BACSU,0.33317689920491284,0.33333293106639544,0.33333330893068625,0.3333333174788717,0.33333331730528426,positive
sp|P54327|XKDG_BACSU,0.33322483902815137,0.333333095980853,0.3333333174283183,0.3333333219248846,0.3333333218130378,positive
sp|P54331|XKDK_BACSU,0.3331824053339192,0.33333310469325966,0.3333333234093526,0.3333333290609513,0.3333333298506195,positive
sp|P54332|XKDM_BACSU,0.33320035732134023,0.333332502882837,0.33333321343756345,0.3333332217006744,0.33333321934231513,positive
sp|P39800|XLYA_BACSU,0.33318517338849674,0.33333307297377557,0.3333333135710545,0.3333333202162658,0.33333332008150246,positive
sp|P80875|G16U_BACSU,0.3331744017486942,0.333332945780499,0.33333327848172184,0.33333328473538415,0.3333332839598995,positive
nameseq,k-tsallis14.0,k-tsallis24.0,k-tsallis34.0,k-tsallis44.0,k-tsallis54.0,label
sp|A5U8S5|COAX_MYCTA,0.333096806665218,0.3333327257591975,0.3333333041046262,0.33333331620867535,0.33333331601626526,negative
sp|Q65JY2|MURD_BACLD,0.3331964479145849,0.33333313181933644,0.33333332520564507,0.3333333290468963,0.3333333296012084,negative
sp|Q8DPJ8|RNC_STRR6,0.33314676295707313,0.3333327951808738,0.3333332925959146,0.33333330387941423,0.33333330520952015,negative
sp|Q88VH0|APT_LACPL,0.33319500206358893,0.3333326507110679,0.3333332487238738,0.3333332642745963,0.3333332630340496,negative
sp|Q92EF1|KPRS2_LISIN,0.3331884149674908,0.333333065445543,0.3333333179402038,0.3333333219248846,0.3333333218130378,negative
sp|Q92BJ1|DTD_LISIN,0.33318635588477363,0.3333327226424707,0.33333323050954533,0.33333322839679314,0.33333322622576045,negative
sp|Q5HG25|DAPA_STAAC,0.3332042832318577,0.3333328938669555,0.33333331184998977,0.3333333193029749,0.33333331980638664,negative
sp|Q65LE8|ARGB_BACLD,0.3331544751743838,0.3333328905414083,0.33333330259968835,0.33333331102308217,0.3333333129920853,negative
sp|Q92BT5|MURB_LISIN,0.3331827648974429,0.3333329400161364,0.33333330945111905,0.3333333169161173,0.3333333202162658,negative
sp|O05515|TSAE_BACSU,0.33318769071793886,0.3333328291416856,0.3333331937504926,0.33333324382084073,0.33333324206574333,negative
sp|Q92A79|NDK_LISIN,0.3332010854524352,0.33333282273832854,0.3333332028807032,0.3333332217006744,0.33333321934231513,negative
sp|Q65I57|PANC_BACLD,0.333226639062949,0.3333330950012919,0.3333333093194912,0.33333331893394097,0.3333333187812985,negative
sp|Q72X78|SPEE_BACC1,0.33319984970061245,0.33333299446489906,0.3333333127496886,0.3333333167690735,0.33333331658502785,negative
sp|Q81KI4|MOBA_BACAN,0.33322838791666665,0.3333329258699823,0.33333327217338743,0.33333328663554673,0.33333328906323045,negative
sp|Q88S50|RHAM_LACPL,0.33318799952477446,0.3333325721960956,0.3333330192258885,0.333333009803284,0.333333,negative
sp|A2RJT9|PYRDA_LACLM,0.3332088595409371,0.33333311092366424,0.3333333153807761,0.3333333214063187,0.3333333218130378,negative
sp|Q931P6|ACKA_STAAM,0.33321485192708333,0.3333332038795797,0.33333332507035063,0.33333332781816793,0.33333332796557213,negative
sp|Q02133|HIS6_LACLA,0.3331719304801809,0.33333300186319137,0.3333332991783738,0.3333333134651184,0.33333331323045684,negative
sp|Q2FJ89|HCHA_STAA3,0.3331591826555971,0.33333302184168473,0.3333333100516862,0.33333331885461887,0.3333333193792509,negative
sp|Q7A827|HDOX2_STAAN,0.33321707121141697,0.3333321305018823,0.3333329425671261,0.333333006994685,0.33333303700121375,negative
sp|Q81XR2|DAPF_BACAN,0.33318098072404145,0.3333330690603894,0.33333331420197365,0.33333331893394097,0.3333333187812985,negative
sp|P64180|G3P2_STAAM,0.33319751027804284,0.33333310010855555,0.33333332018357786,0.3333333247009912,0.3333333246239172,negative
sp|Q63A51|COAW_BACCZ,0.33313724397333033,0.3333327472895749,0.33333330258087507,0.33333331442998615,0.3333333167690735,negative
sp|Q9RL97|MNME_STRAG,0.33314776593873857,0.33333313559248734,0.3333333249505969,0.3333333295709267,0.3333333298637101,negative
sp|O31521|URHG1_BACSU,0.33319943693611137,0.3333331565915825,0.33333331627752283,0.3333333242365553,0.3333333248524323,negative
sp|Q65K78|MOBA_BACLD,0.33320503429019077,0.3333328683271094,0.3333332667862113,0.3333332862383053,0.33333328549471325,negative
sp|Q9CEN1|MURE_LACLA,0.33320308809994853,0.333333145034332,0.3333333274983713,0.33333333005551935,0.33333333030033474,negative
sp|P94388|CAH_BACSU,0.3332378170728312,0.3333331537275064,0.3333333180894626,0.33333332219468664,0.3333333225664551,negative
sp|Q8RPQ1|DPS1_BACAN,0.3331248715424162,0.3333320685836375,0.33333319232384295,0.3333332217006744,0.33333321934231513,negative
sp|Q81SX4|IDI2_BACAN,0.33321175830539074,0.3333331168715878,0.33333332084913453,0.3333333243091881,0.3333333248864438,negative
sp|Q2FYG7|NDK_STAA8,0.3332036619542628,0.3333327803080952,0.33333319841492454,0.33333322622576045,0.33333322399442367,negative
sp|P45947|ARSC_BACSU,0.33323445781658023,0.3333329160622854,0.3333331904526811,0.333333200819255,0.3333331978526308,negative
sp|O07608|LPLJ_BACSU,0.3332192931940449,0.33333315856058987,0.3333333203881993,0.33333332388713166,0.3333333238002039,negative
sp|Q65CR5|PURA_BACLD,0.3332130568192377,0.3333330939649887,0.3333333236183396,0.3333333287710879,0.3333333290216193,negative
